,RecordNum,Date Time(UTC),PTB110_mb,P4_mb,P1_mb,T1_C,RH1,T_CS215,RH_CS215,Vbat,N1Cts,N2Cts,N3Cts,N4Cts,N5Cts,N6Cts,N7Cts,N8Cts,N1ETsec,N3ETsec,N5ETsec,N7ETsec,N1T(C),N1RH,N5T(C),N5RH,GpsUTC,LatDec,LongDec,Alt,Qual,NumSats,HDOP,Speed_kmh,COG,SpeedQuality,strDate,timestamp,x,y,total_counts,filtered_counts,incoming_flux,corrected_counts,corrected_smoothed,VWC
0,2, 2018/05/01 14:15:00,962.95,962.8,961.4,23.2,35.4,20.9,72.7,13.574,37.0,60.0,35.0,45.0,48.0,27.0,43.0,58.0,52,52,52,52,23.9,23.2,23.4,16.0,141136,38.68368,-97.37195,393.2,2.0,10,0.8,0.0,270.7,A,10518.0,2018-05-01 14:15:00,641605.4591243969,4282932.801334228,353.0,,100.797,,,
1,3, 2018/05/01 14:16:00,962.88,962.7,961.3,23.3,35.5,21.0,72.7,13.417,53.0,53.0,39.0,36.0,44.0,37.0,42.0,41.0,60,60,60,60,24.2,23.1,23.6,16.0,141236,38.68362,-97.37197,387.2,2.0,11,0.8,0.0,270.7,A,10518.0,2018-05-01 14:16:00,641603.8377339911,4282926.111932663,345.0,,100.797,,,
2,4, 2018/05/01 14:17:00,962.64,962.5,961.1,23.4,35.4,21.2,72.2,13.282,33.0,48.0,35.0,32.0,41.0,38.0,29.0,38.0,60,60,60,60,24.3,23.1,23.7,16.0,141336,38.68214,-97.37199,388.2,1.0,11,0.8,3.89,356.3,A,10518.0,2018-05-01 14:17:00,641605.0156554086,4282761.838122485,294.0,,100.797,,,
3,5, 2018/05/01 14:18:00,962.41,962.2,960.9,23.5,35.5,21.2,72.0,13.191,40.0,34.0,56.0,45.0,37.0,47.0,27.0,33.0,60,60,60,60,24.5,23.1,23.8,16.0,141434,38.68637,-97.37202,387.5,1.0,11,0.8,41.71,359.86,A,10518.0,2018-05-01 14:18:00,641594.0671795191,4283231.2158491155,319.0,,100.797,,,
4,6, 2018/05/01 14:19:00,962.48,962.1,960.8,23.6,35.4,21.4,72.2,13.13,46.0,46.0,44.0,56.0,45.0,59.0,38.0,45.0,60,60,60,60,24.6,23.0,23.9,16.0,141534,38.69254,-97.37202,388.8,2.0,06,1.0,41.0,359.75,A,10518.0,2018-05-01 14:19:00,641581.9024197229,4283915.931914857,379.0,379.0,100.797,405.0,,
5,7, 2018/05/01 14:20:00,961.83,961.5,960.2,23.7,35.3,21.4,72.0,13.081,46.0,49.0,37.0,38.0,57.0,50.0,49.0,38.0,60,60,60,60,24.7,23.0,24.0,16.0,141634,38.69871,-97.37203,394.3,2.0,10,0.8,41.08,359.3,A,10518.0,2018-05-01 14:20:00,641568.8663571709,4284600.633193207,364.0,364.0,100.797,387.0,364.0,0.16093412797992468
6,8, 2018/05/01 14:21:00,962.25,962.2,960.9,23.8,35.3,21.3,71.5,13.034,46.0,45.0,41.0,45.0,29.0,42.0,29.0,32.0,60,60,60,60,24.8,23.0,24.1,16.0,141734,38.7049,-97.37203,387.1,2.0,11,0.8,40.24,0.19,A,10518.0,2018-05-01 14:21:00,641556.6589322304,4285287.570096842,309.0,309.0,100.797,329.0,340.0,0.22517651403249633
7,9, 2018/05/01 14:22:00,961.91,961.8,960.5,24.0,35.2,21.3,71.8,13.02,45.0,35.0,41.0,50.0,34.0,52.0,43.0,46.0,60,60,60,60,24.8,22.9,24.2,16.0,141834,38.71096,-97.37203,389.0,2.0,12,0.8,36.87,0.5,A,10518.0,2018-05-01 14:22:00,641544.7062768848,4285960.080865258,346.0,346.0,100.797,368.0,342.0,0.21896579330422122
8,10, 2018/05/01 14:23:00,962.31,961.7,960.5,24.1,35.2,21.4,71.2,13.004,36.0,43.0,35.0,43.0,45.0,40.0,35.0,44.0,60,60,60,60,24.9,22.9,24.3,16.0,141934,38.71711,-97.37202,389.6,1.0,11,0.8,40.91,359.82,A,10518.0,2018-05-01 14:23:00,641533.4439145772,4286642.595530117,321.0,321.0,100.797,342.0,356.0,0.18008520475561432
9,11, 2018/05/01 14:24:00,962.28,962.2,960.9,24.2,35.2,21.3,72.0,12.982,55.0,42.0,53.0,31.0,49.0,37.0,53.0,46.0,60,60,60,60,25.0,22.9,24.3,16.0,142034,38.72292,-97.37201,389.3,2.0,12,0.8,36.82,1.15,A,10518.0,2018-05-01 14:24:00,641522.850609086,4287287.379140912,366.0,366.0,100.797,390.0,390.0,0.11010733549083061
10,12, 2018/05/01 14:25:00,961.73,961.5,960.3,24.3,35.1,21.5,70.9,12.976,41.0,38.0,46.0,54.0,41.0,47.0,50.0,67.0,60,60,60,60,25.1,22.9,24.4,16.0,142134,38.72905,-97.37199,395.5,2.0,11,0.8,40.78,0.54,A,10518.0,2018-05-01 14:25:00,641512.4935246339,4287967.691038703,384.0,384.0,100.797,408.0,408.0,0.08253146509341198
11,13, 2018/05/01 14:26:00,960.89,960.3,959.2,24.3,35.1,21.6,70.0,12.97,33.0,32.0,44.0,41.0,44.0,35.0,36.0,38.0,60,60,60,60,25.2,22.8,24.5,16.0,142234,38.73521,-97.37199,405.7,1.0,11,0.8,40.5,359.87,A,10518.0,2018-05-01 14:26:00,641500.3368829233,4288651.301956427,303.0,303.0,100.797,320.0,352.0,0.19044029850746264
12,14, 2018/05/01 14:27:00,959.9,959.9,958.6,24.4,35.1,21.8,69.2,12.964,52.0,25.0,49.0,45.0,40.0,41.0,38.0,52.0,60,60,60,60,25.2,22.8,24.5,16.0,142334,38.74073,-97.37199,412.7,1.0,12,0.7,45.95,0.61,A,10518.0,2018-05-01 14:27:00,641489.4418745914,4289263.888927458,342.0,342.0,100.797,358.0,345.0,0.20998148148148144
13,15, 2018/05/01 14:28:00,960.53,960.2,959.1,24.5,35.1,21.7,70.4,12.963,53.0,37.0,34.0,38.0,42.0,40.0,41.0,34.0,60,60,60,60,25.3,22.7,24.6,16.0,142434,38.74699,-97.37199,406.2,1.0,12,0.7,40.78,0.47,A,10518.0,2018-05-01 14:28:00,641477.0847088866,4289958.598710286,319.0,319.0,100.797,336.0,340.0,0.22517651403249633
14,16, 2018/05/01 14:29:00,960.76,960.7,959.6,24.6,35.2,21.9,69.8,12.955,42.0,32.0,40.0,27.0,35.0,44.0,42.0,50.0,60,60,60,60,25.4,22.7,24.7,16.0,142534,38.75326,-97.37196,397.1,1.0,11,0.8,43.15,0.69,A,10518.0,2018-05-01 14:29:00,641467.3130853856,4290654.4653223995,312.0,312.0,100.797,329.0,336.0,0.23816514459665136
15,17, 2018/05/01 14:30:00,961.68,961.1,960.1,24.7,35.3,21.9,69.5,12.957,48.0,42.0,40.0,36.0,38.0,34.0,49.0,43.0,60,60,60,60,25.4,22.7,24.7,16.0,142634,38.75948,-97.37196,391.6,1.0,11,0.8,40.39,0.51,A,10518.0,2018-05-01 14:30:00,641455.03128782,4291344.737429437,330.0,330.0,100.797,350.0,345.0,0.20998148148148144
16,18, 2018/05/01 14:31:00,960.25,960.3,959.0,24.7,35.3,21.8,69.8,12.958,46.0,34.0,42.0,41.0,47.0,47.0,33.0,37.0,60,60,60,60,25.5,22.7,24.8,16.0,142734,38.76566,-97.37199,399.8,1.0,11,0.8,40.78,0.96,A,10518.0,2018-05-01 14:31:00,641440.2202868084,4292030.524772221,327.0,327.0,101.105,342.0,342.0,0.21896579330422122
17,19, 2018/05/01 14:32:00,959.76,960.0,958.7,24.8,35.6,21.5,71.1,12.954,46.0,33.0,54.0,52.0,45.0,44.0,43.0,41.0,60,60,60,60,25.5,22.7,24.8,16.0,142834,38.7689,-97.37479,400.6,1.0,11,0.8,44.6,269.15,A,10518.0,2018-05-01 14:32:00,641190.5562654493,4292385.762639251,358.0,358.0,101.105,373.0,373.0,0.14156413301662707
18,20, 2018/05/01 14:33:00,960.57,960.1,958.8,24.9,35.6,21.6,70.4,12.954,45.0,43.0,54.0,48.0,48.0,38.0,44.0,48.0,60,60,60,60,25.6,22.6,24.9,16.0,142934,38.76876,-97.38273,401.8,1.0,11,0.8,40.71,267.43,A,10518.0,2018-05-01 14:33:00,640501.0012601621,4292357.999993737,368.0,368.0,101.105,386.0,386.0,0.11697850055126797
19,21, 2018/05/01 14:34:00,961.83,961.5,960.4,24.9,35.6,21.6,70.4,12.949,37.0,50.0,34.0,34.0,38.0,40.0,42.0,38.0,60,60,60,60,25.6,22.6,24.9,16.0,143034,38.76873,-97.3907,389.5,1.0,11,0.8,42.54,270.37,A,10518.0,2018-05-01 14:34:00,639808.6229687458,4292342.458823763,313.0,313.0,101.105,332.0,332.0,0.251969387755102
20,22, 2018/05/01 14:35:00,963.13,962.6,961.8,25.0,35.6,21.3,72.3,12.948,22.0,51.0,41.0,50.0,50.0,48.0,57.0,44.0,60,60,60,60,25.7,22.6,25.0,16.0,143134,38.76881,-97.39861,378.1,1.0,11,0.8,40.87,270.2,A,10518.0,2018-05-01 14:35:00,639121.2438065344,4292339.276658542,363.0,363.0,101.105,389.0,389.0,0.11179718004338393
21,23, 2018/05/01 14:36:00,963.49,963.3,962.0,25.1,35.7,21.2,73.3,12.948,34.0,30.0,36.0,37.0,51.0,36.0,42.0,44.0,60,60,60,60,25.7,22.6,25.0,16.0,143234,38.76888,-97.40649,369.2,1.0,11,0.8,40.71,270.91,A,10518.0,2018-05-01 14:36:00,638436.4924924014,4292335.089586516,310.0,310.0,101.105,333.0,351.0,0.1931174863387978
22,24, 2018/05/01 14:37:00,963.87,963.5,962.7,25.1,35.7,21.1,74.2,12.95,48.0,41.0,43.0,44.0,41.0,47.0,36.0,37.0,60,60,60,60,25.8,22.6,25.0,16.0,143334,38.76887,-97.41438,364.1,1.0,11,0.8,41.04,269.22,A,10518.0,2018-05-01 14:37:00,637751.0281776218,4292322.068381778,337.0,337.0,101.105,363.0,363.0,0.16322222222222216
23,25, 2018/05/01 14:38:00,964.42,964.0,962.8,25.2,35.8,21.4,72.4,12.945,42.0,46.0,37.0,41.0,42.0,40.0,50.0,50.0,60,60,60,60,25.8,22.5,25.1,16.0,143434,38.76881,-97.42226,363.1,1.0,11,0.8,41.17,269.88,A,10518.0,2018-05-01 14:38:00,637066.5287422802,4292303.5725350855,348.0,348.0,101.105,377.0,380.0,0.1278728620296465
24,26, 2018/05/01 14:39:00,964.31,964.0,963.0,25.2,35.8,21.3,73.9,12.948,42.0,55.0,42.0,49.0,46.0,52.0,33.0,40.0,60,60,60,60,25.9,22.5,25.1,16.1,143534,38.76879,-97.43015,363.5,1.0,11,0.7,40.82,269.94,A,10518.0,2018-05-01 14:39:00,636381.0837454391,4292289.55983368,359.0,359.0,101.105,389.0,382.0,0.12415952649379933
25,27, 2018/05/01 14:40:00,964.01,963.8,962.6,25.3,35.8,21.6,71.1,12.954,48.0,48.0,42.0,34.0,45.0,46.0,33.0,31.0,60,60,60,60,25.9,22.5,25.2,16.0,143634,38.76879,-97.43802,362.7,1.0,11,0.7,41.17,269.68,A,10518.0,2018-05-01 14:40:00,635697.3386296645,4292277.855481315,327.0,327.0,101.105,353.0,369.0,0.14991119221411195
26,28, 2018/05/01 14:41:00,964.12,964.4,963.3,25.3,36.0,21.7,70.7,12.935,50.0,43.0,41.0,43.0,43.0,40.0,39.0,41.0,60,60,60,60,26.0,22.4,25.2,16.1,143734,38.76881,-97.44567,364.3,2.0,11,0.7,11.96,271.66,A,10518.0,2018-05-01 14:41:00,635032.6699229152,4292268.754244476,340.0,340.0,101.105,367.0,369.0,0.14991119221411195
27,29, 2018/05/01 14:42:00,963.09,962.6,961.9,25.4,36.0,21.4,72.1,12.953,50.0,51.0,44.0,34.0,36.0,49.0,41.0,53.0,60,60,60,60,26.0,22.4,25.3,16.0,143834,38.76881,-97.45244,369.8,2.0,10,0.8,40.95,269.67,A,10518.0,2018-05-01 14:42:00,634444.4938150239,4292258.782139132,358.0,358.0,101.105,383.0,376.0,0.13555950991831978
28,30, 2018/05/01 14:43:00,962.63,962.3,961.2,25.5,36.1,21.4,72.3,12.952,36.0,47.0,41.0,57.0,49.0,41.0,36.0,50.0,60,60,60,60,26.1,22.4,25.3,16.0,143934,38.76879,-97.46032,374.5,2.0,12,0.7,40.45,270.1,A,10518.0,2018-05-01 14:43:00,633759.9190237004,4292245.010367818,357.0,357.0,101.105,381.0,381.0,0.12600566893424034
29,31, 2018/05/01 14:44:00,962.14,961.8,960.9,25.5,36.2,21.8,70.1,12.945,41.0,34.0,43.0,43.0,42.0,40.0,44.0,43.0,60,60,60,60,26.1,22.4,25.3,16.0,144034,38.76595,-97.4642,388.0,2.0,12,0.7,40.5,179.57,A,10518.0,2018-05-01 14:44:00,633428.1169524982,4291924.173914059,330.0,330.0,101.105,351.0,351.0,0.1931174863387978
30,32, 2018/05/01 14:45:00,961.13,961.7,960.6,25.6,36.1,21.6,70.8,12.952,42.0,41.0,50.0,49.0,51.0,32.0,49.0,41.0,60,60,60,60,26.1,22.4,25.4,16.0,144134,38.75976,-97.46412,390.5,2.0,12,0.7,41.45,181.2,A,10518.0,2018-05-01 14:45:00,633446.5994499922,4291237.35373492,355.0,355.0,101.105,374.0,370.0,0.14778657799274483
31,33, 2018/05/01 14:46:00,962.66,962.3,961.4,25.6,36.2,21.5,72.4,12.948,40.0,45.0,43.0,38.0,46.0,40.0,46.0,45.0,60,60,60,60,26.2,22.4,25.4,16.0,144234,38.75365,-97.46423,381.5,2.0,12,0.7,41.98,180.94,A,10518.0,2018-05-01 14:46:00,633448.421941954,4290559.135124271,343.0,343.0,101.105,366.0,368.0,0.152061811505508
32,34, 2018/05/01 14:47:00,961.46,961.4,960.4,25.7,36.2,21.7,70.4,12.946,42.0,49.0,46.0,43.0,40.0,49.0,36.0,30.0,60,60,60,60,26.2,22.3,25.4,16.0,144334,38.74752,-97.46432,389.3,1.0,11,0.7,41.19,180.7,A,10518.0,2018-05-01 14:47:00,633452.016631336,4289878.726864967,335.0,335.0,101.105,354.0,359.0,0.17267098445595852
33,35, 2018/05/01 14:48:00,961.93,961.7,960.5,25.7,36.2,21.8,69.4,12.943,40.0,33.0,45.0,49.0,35.0,42.0,53.0,42.0,60,60,60,60,26.3,22.3,25.5,16.0,144434,38.74132,-97.46439,388.1,1.0,11,0.7,41.58,179.87,A,10518.0,2018-05-01 14:48:00,633457.4770317334,4289190.580210345,339.0,339.0,101.105,359.0,359.0,0.17267098445595852
34,36, 2018/05/01 14:49:00,962.16,962.4,961.3,25.7,36.2,21.6,70.3,12.951,41.0,41.0,40.0,41.0,41.0,50.0,40.0,44.0,60,60,60,60,26.3,22.3,25.5,16.0,144534,38.73526,-97.46444,382.6,1.0,11,0.7,40.87,181.54,A,10518.0,2018-05-01 14:49:00,633464.4126165472,4288517.999876631,338.0,338.0,101.105,359.0,363.0,0.16322222222222216
35,37, 2018/05/01 14:50:00,962.94,963.1,962.2,25.8,36.2,21.7,70.5,12.946,41.0,46.0,39.0,42.0,33.0,35.0,54.0,52.0,60,60,60,60,26.3,22.3,25.6,16.0,144634,38.7291,-97.4645,377.2,1.0,11,0.7,41.19,180.9,A,10518.0,2018-05-01 14:50:00,633470.6628054418,4287834.308156432,342.0,342.0,101.105,366.0,366.0,0.15644299876084267
36,38, 2018/05/01 14:51:00,963.02,962.9,961.8,25.8,36.1,21.7,70.5,12.951,46.0,35.0,38.0,42.0,43.0,46.0,41.0,45.0,60,60,60,60,26.4,22.3,25.6,16.0,144734,38.72294,-97.46453,381.5,1.0,11,0.7,40.54,180.61,A,10518.0,2018-05-01 14:51:00,633479.5186085376,4287150.660850899,336.0,336.0,101.105,359.0,,
37,39, 2018/05/01 14:52:00,961.96,961.5,960.5,25.9,36.2,21.6,71.3,12.951,38.0,51.0,44.0,41.0,47.0,47.0,51.0,42.0,60,60,60,60,26.4,22.2,25.6,16.0,144834,38.7172,-97.46461,390.9,1.0,12,0.7,40.82,179.91,A,10518.0,2018-05-01 14:52:00,633483.2438607431,4286513.5506061595,361.0,,101.105,,,
38,40, 2018/05/01 14:53:00,961.92,962.0,961.1,25.9,36.2,21.4,71.9,12.951,43.0,38.0,42.0,34.0,41.0,48.0,40.0,38.0,60,60,60,60,26.4,22.3,25.7,16.0,144934,38.71108,-97.46467,391.4,1.0,12,0.7,24.8,181.19,A,10518.0,2018-05-01 14:53:00,633489.4125185946,4285834.29985936,324.0,324.0,101.105,344.0,,
39,41, 2018/05/01 14:54:00,961.23,961.3,960.5,26.0,36.1,21.3,72.4,12.948,37.0,45.0,49.0,44.0,39.0,38.0,43.0,49.0,60,60,60,60,26.5,22.2,25.7,16.0,145034,38.70573,-97.46469,396.3,1.0,12,0.7,40.97,180.19,A,10518.0,2018-05-01 14:54:00,633497.6248857795,4285240.558244965,344.0,344.0,101.105,363.0,354.0,0.18519344042838012
40,42, 2018/05/01 14:55:00,963.18,962.8,961.5,26.0,36.2,21.4,71.6,12.97,56.0,46.0,49.0,40.0,38.0,40.0,44.0,48.0,60,60,60,60,26.5,22.2,25.7,16.0,145134,38.69954,-97.46474,387.4,1.0,11,0.7,41.41,180.62,A,10518.0,2018-05-01 14:55:00,633504.789062421,4284553.555139802,361.0,361.0,101.105,387.0,387.0,0.11523245614035091
41,43, 2018/05/01 14:56:00,962.09,962.3,961.5,26.0,36.2,21.5,71.1,12.948,39.0,38.0,43.0,35.0,36.0,50.0,48.0,43.0,60,60,60,60,26.5,22.2,25.7,16.0,145234,38.69342,-97.46449,387.9,1.0,10,0.7,41.04,179.63,A,10518.0,2018-05-01 14:56:00,633537.9120963509,4283874.758097479,332.0,332.0,101.105,353.0,353.0,0.18779919137466303
42,44, 2018/05/01 14:57:00,962.61,962.5,961.8,26.1,36.2,21.4,72.0,12.95,60.0,51.0,41.0,54.0,37.0,36.0,43.0,40.0,60,60,60,60,26.6,22.2,25.8,16.0,145334,38.68719,-97.46458,384.5,1.0,11,0.7,40.87,180.04,A,10518.0,2018-05-01 14:57:00,633541.6691474323,4283183.259072297,362.0,362.0,101.105,386.0,386.0,0.11697850055126797
43,45, 2018/05/01 14:58:00,962.22,962.2,961.2,26.1,36.4,21.4,71.7,12.953,38.0,42.0,39.0,41.0,29.0,48.0,48.0,40.0,60,60,60,60,26.6,22.1,25.8,16.0,145434,38.68173,-97.46432,396.8,2.0,12,0.7,26.35,86.92,A,10518.0,2018-05-01 14:58:00,633574.4366721348,4282577.720652294,325.0,325.0,101.105,346.0,346.0,0.2070714285714285
44,46, 2018/05/01 14:59:00,961.8,961.8,960.8,26.1,36.3,21.4,70.8,12.952,49.0,46.0,35.0,41.0,42.0,36.0,39.0,43.0,60,60,60,60,26.6,22.1,25.8,16.0,145534,38.68177,-97.4566,394.2,1.0,12,0.7,42.32,90.21,A,10518.0,2018-05-01 14:59:00,634245.8883188505,4282593.4396958025,331.0,331.0,101.105,350.0,350.0,0.1958314993122421
45,47, 2018/05/01 15:00:00,963.13,963.0,962.1,26.2,36.4,21.4,71.5,12.953,42.0,47.0,33.0,25.0,34.0,27.0,35.0,52.0,60,60,60,60,26.7,22.1,25.8,16.0,145634,38.68177,-97.4487,382.5,1.0,11,0.7,41.41,91.31,A,10518.0,2018-05-01 15:00:00,634933.0722427813,4282605.041389096,295.0,,101.105,,,
46,48, 2018/05/01 15:01:00,962.37,962.5,961.6,26.2,36.3,21.3,71.5,12.955,48.0,48.0,44.0,36.0,37.0,52.0,41.0,53.0,60,60,60,60,26.7,22.1,25.9,16.0,145734,38.6817,-97.44214,390.4,1.0,11,0.7,43.19,89.83,A,10518.0,2018-05-01 15:01:00,635503.8283272815,4282606.952058049,359.0,,101.105,,,
47,49, 2018/05/01 15:02:00,964.29,964.2,963.3,26.3,36.4,21.6,70.9,12.945,44.0,43.0,31.0,50.0,43.0,43.0,40.0,41.0,60,60,60,60,26.7,22.1,25.9,16.0,145834,38.68177,-97.43409,373.3,1.0,11,0.7,41.73,90.16,A,10518.0,2018-05-01 15:02:00,636203.9290712167,4282626.653345236,335.0,335.0,101.105,362.0,,
48,50, 2018/05/01 15:03:00,964.44,964.2,963.4,26.3,36.4,21.4,72.6,12.951,42.0,41.0,43.0,34.0,48.0,30.0,41.0,52.0,60,60,60,60,26.7,22.1,25.9,16.0,145934,38.68178,-97.42757,373.5,1.0,11,0.7,13.54,89.84,A,10518.0,2018-05-01 15:03:00,636771.0555301046,4282637.473269044,331.0,331.0,101.105,358.0,360.0,0.1702631917631918
49,51, 2018/05/01 15:04:00,964.27,964.2,963.4,26.3,36.4,21.6,72.0,12.955,43.0,37.0,46.0,38.0,39.0,36.0,46.0,45.0,60,60,60,60,26.8,22.1,25.9,16.0,150034,38.6818,-97.42059,374.9,1.0,11,0.7,15.0,80.58,A,10518.0,2018-05-01 15:04:00,637378.1764622107,4282650.1327587515,330.0,330.0,101.105,357.0,358.0,0.17511016949152547
50,52, 2018/05/01 15:05:00,964.11,964.0,963.1,26.4,36.4,21.7,70.5,12.952,48.0,47.0,37.0,35.0,41.0,32.0,39.0,41.0,60,60,60,60,26.8,22.1,26.0,16.0,150134,38.68173,-97.41683,377.8,1.0,11,0.7,32.08,90.77,A,10518.0,2018-05-01 15:05:00,637705.3764357817,4282648.00757068,320.0,320.0,101.105,345.0,357.0,0.1775813648293964
51,53, 2018/05/01 15:06:00,963.49,963.6,962.7,26.4,36.3,21.8,70.7,12.949,40.0,40.0,45.0,50.0,30.0,41.0,30.0,31.0,60,60,60,60,26.8,22.1,26.0,16.0,150234,38.68172,-97.40981,383.2,1.0,10,0.8,36.73,88.76,A,10518.0,2018-05-01 15:06:00,638316.03541774,4282657.469392226,307.0,307.0,101.105,330.0,360.0,0.1702631917631918
52,54, 2018/05/01 15:07:00,964.18,964.0,963.3,26.4,36.3,21.6,71.0,12.936,40.0,54.0,45.0,51.0,35.0,51.0,45.0,50.0,60,60,60,60,26.8,22.1,26.0,16.0,150334,38.68107,-97.40488,379.1,1.0,10,0.8,41.23,76.86,A,10518.0,2018-05-01 15:07:00,638746.1307633297,4282592.788124901,371.0,371.0,101.105,400.0,367.0,0.15423891625615768
53,55, 2018/05/01 15:08:00,963.54,963.7,962.9,26.5,36.3,21.3,72.0,12.937,33.0,53.0,44.0,46.0,50.0,38.0,32.0,46.0,60,60,60,60,26.9,22.1,26.0,16.0,150434,38.68182,-97.39709,384.2,1.0,10,0.8,40.89,90.66,A,10518.0,2018-05-01 15:08:00,639422.3009625055,4282687.841407366,342.0,342.0,101.105,367.0,367.0,0.15423891625615768
54,56, 2018/05/01 15:09:00,962.94,962.7,961.8,26.5,36.3,21.1,72.8,12.939,50.0,34.0,50.0,35.0,40.0,44.0,57.0,38.0,60,60,60,60,26.9,22.1,26.1,16.0,150534,38.68182,-97.38924,391.6,1.0,10,0.8,40.87,90.31,A,10518.0,2018-05-01 15:09:00,640105.1394571452,4282699.813165152,348.0,348.0,101.105,372.0,372.0,0.14361350059737152
55,57, 2018/05/01 15:10:00,962.31,962.5,961.5,26.5,36.2,21.0,73.4,12.94,43.0,41.0,55.0,52.0,38.0,48.0,54.0,35.0,60,60,60,60,26.9,22.0,26.1,16.0,150634,38.68182,-97.38123,395.0,1.0,10,0.8,42.41,90.06,A,10518.0,2018-05-01 15:10:00,640801.8962780705,4282712.089262802,366.0,366.0,101.105,389.0,389.0,0.11179718004338393
56,58, 2018/05/01 15:11:00,962.64,962.5,961.7,26.6,36.2,21.1,72.8,12.932,44.0,46.0,52.0,45.0,58.0,44.0,42.0,37.0,60,60,60,60,27.0,22.0,26.1,16.0,150734,38.68183,-97.37305,393.6,1.0,10,0.8,43.0,89.87,A,10518.0,2018-05-01 15:11:00,641513.4216242922,4282725.798543404,368.0,368.0,101.105,392.0,,
57,59, 2018/05/01 15:12:00,962.5,962.6,961.8,26.6,36.2,21.1,73.1,12.938,40.0,55.0,51.0,36.0,44.0,37.0,45.0,43.0,60,60,60,60,27.0,22.0,26.1,16.0,150834,38.68689,-97.37202,391.2,1.0,11,0.8,42.52,359.55,A,10518.0,2018-05-01 15:12:00,641593.0420121247,4283288.922850024,351.0,351.0,101.105,374.0,,
58,60, 2018/05/01 15:13:00,962.46,962.3,961.4,26.6,36.2,21.0,73.5,12.939,52.0,47.0,36.0,54.0,41.0,49.0,44.0,54.0,60,60,60,60,27.0,22.0,26.2,16.0,150934,38.69331,-97.37201,392.5,1.0,11,0.8,42.82,359.63,A,10518.0,2018-05-01 15:13:00,641581.2538943216,4284001.398203934,377.0,377.0,101.105,402.0,,
59,61, 2018/05/01 15:14:00,961.13,961.0,960.3,26.7,36.1,21.1,72.9,12.935,36.0,50.0,31.0,34.0,43.0,48.0,50.0,54.0,60,60,60,60,27.0,22.0,26.2,16.0,151034,38.69636,-97.37575,394.8,1.0,11,0.8,41.58,269.02,A,10518.0,2018-05-01 15:14:00,641249.9781198686,4284334.099491455,346.0,346.0,101.105,365.0,364.0,0.16093412797992468
60,62, 2018/05/01 15:15:00,962.29,962.1,961.4,26.7,36.1,21.1,72.2,12.937,39.0,37.0,41.0,40.0,32.0,43.0,33.0,46.0,60,60,60,60,27.1,22.0,26.2,16.0,151134,38.69632,-97.38364,385.9,1.0,12,0.8,40.74,269.12,A,10518.0,2018-05-01 15:15:00,640563.8765342,4284317.525401458,311.0,311.0,101.105,331.0,350.0,0.1958314993122421
61,63, 2018/05/01 15:16:00,963.14,962.8,962.0,26.7,36.1,21.2,72.4,12.934,42.0,52.0,50.0,22.0,30.0,37.0,46.0,46.0,60,60,60,60,27.1,22.0,26.2,16.0,151234,38.69672,-97.39057,388.3,1.0,12,0.8,40.3,0.85,A,10518.0,2018-05-01 15:16:00,639960.4065866548,4284351.305587647,325.0,325.0,101.105,348.0,346.0,0.2070714285714285
62,64, 2018/05/01 15:17:00,962.28,962.2,961.4,26.8,36.2,21.0,73.5,12.938,55.0,56.0,34.0,37.0,47.0,35.0,42.0,50.0,60,60,60,60,27.1,22.0,26.2,16.0,151334,38.69979,-97.39055,394.3,1.0,12,0.8,0.0,359.46,A,10518.0,2018-05-01 15:17:00,639956.1609232042,4284692.029335802,356.0,356.0,101.105,379.0,343.0,0.21592774566473982
63,65, 2018/05/01 15:18:00,962.32,962.1,961.3,26.8,36.1,20.7,74.4,12.936,44.0,52.0,34.0,39.0,42.0,35.0,36.0,39.0,60,60,60,60,27.1,22.0,26.2,16.0,151434,38.70013,-97.39057,395.9,1.0,11,0.8,33.5,0.72,A,10518.0,2018-05-01 15:18:00,639953.7587898737,4284729.73028457,321.0,321.0,101.105,341.0,343.0,0.21592774566473982
64,66, 2018/05/01 15:19:00,962.21,962.3,961.5,26.8,36.0,20.8,74.6,12.935,33.0,38.0,36.0,33.0,35.0,41.0,48.0,51.0,60,60,60,60,27.1,22.0,26.3,15.9,151534,38.7063,-97.39053,396.4,1.0,10,0.9,41.21,0.22,A,10518.0,2018-05-01 15:19:00,639945.2073533252,4285414.50757039,315.0,315.0,101.105,335.0,,
65,67, 2018/05/01 15:20:00,962.85,962.5,961.8,26.8,36.1,20.9,74.5,12.938,41.0,35.0,41.0,43.0,48.0,43.0,43.0,42.0,60,60,60,60,27.2,22.0,26.3,16.0,151634,38.71224,-97.39046,390.9,1.0,11,0.8,41.06,0.15,A,10518.0,2018-05-01 15:20:00,639939.7107028242,4286073.807067842,336.0,336.0,101.105,359.0,,
66,68, 2018/05/01 15:21:00,963.92,963.9,963.2,26.8,36.0,20.9,74.5,12.936,35.0,45.0,43.0,43.0,41.0,42.0,46.0,42.0,60,60,60,60,27.2,22.0,26.3,16.0,151734,38.71842,-97.39045,381.1,1.0,11,0.8,41.08,359.91,A,10518.0,2018-05-01 15:21:00,639928.5269109217,4286759.649592358,337.0,337.0,101.105,363.0,363.0,0.16322222222222216
67,69, 2018/05/01 15:22:00,962.44,962.6,961.8,26.9,36.0,21.0,73.7,12.937,31.0,36.0,44.0,37.0,27.0,43.0,40.0,50.0,60,60,60,60,27.2,22.0,26.3,15.9,151834,38.72458,-97.39047,390.8,1.0,11,0.8,42.98,359.29,A,10518.0,2018-05-01 15:22:00,639914.7723315863,4287443.227434732,308.0,308.0,101.105,328.0,328.0,0.26666855753646684
68,70, 2018/05/01 15:23:00,963.06,962.8,962.1,26.9,36.0,21.0,73.2,12.933,44.0,50.0,37.0,45.0,49.0,31.0,43.0,29.0,60,60,60,60,27.2,21.9,26.3,15.9,151934,38.73084,-97.3905,386.6,1.0,11,0.8,41.28,2.28,A,10518.0,2018-05-01 15:23:00,639899.952066148,4288137.8882133765,328.0,328.0,101.105,351.0,351.0,0.1931174863387978
69,71, 2018/05/01 15:24:00,962.83,962.5,961.8,26.9,36.0,21.0,73.7,12.936,49.0,35.0,51.0,44.0,31.0,38.0,43.0,40.0,60,60,60,60,27.2,21.9,26.4,15.9,152034,38.73701,-97.39053,389.6,1.0,11,0.8,41.13,0.28,A,10518.0,2018-05-01 15:24:00,639885.3061886281,4288822.561866022,331.0,331.0,101.105,354.0,,
70,72, 2018/05/01 15:25:00,961.9,961.6,960.9,27.0,36.1,20.8,74.2,12.933,33.0,45.0,38.0,42.0,33.0,44.0,43.0,37.0,60,60,60,60,27.3,21.9,26.4,15.9,152134,38.74289,-97.3905,396.7,1.0,11,0.8,40.86,0.41,A,10518.0,2018-05-01 15:25:00,639876.4397506841,4289475.144908262,315.0,,101.105,,,
71,73, 2018/05/01 15:26:00,961.53,961.6,960.9,27.0,36.1,20.7,75.1,12.931,48.0,38.0,46.0,35.0,41.0,44.0,37.0,45.0,60,60,60,60,27.3,21.9,26.4,15.9,152234,38.74906,-97.39043,400.1,2.0,11,0.8,41.28,0.8,A,10518.0,2018-05-01 15:26:00,639870.4815612916,4290159.972702447,334.0,334.0,101.105,353.0,,
72,74, 2018/05/01 15:27:00,963.29,962.3,961.6,27.0,36.2,21.0,73.4,12.933,39.0,47.0,41.0,44.0,33.0,41.0,40.0,46.0,60,60,59,60,27.3,21.9,26.4,15.9,152334,38.75421,-97.39091,384.2,1.0,10,0.8,39.58,270.65,A,10518.0,2018-05-01 15:27:00,639818.7179834552,4290730.765102546,331.0,331.0,101.105,355.0,340.0,0.22517651403249633
73,75, 2018/05/01 15:28:00,962.54,962.4,961.8,27.1,36.1,21.5,71.7,12.936,39.0,37.0,42.0,33.0,27.0,39.0,41.0,42.0,60,60,59,60,27.3,21.9,26.4,15.9,152434,38.75425,-97.39893,387.6,2.0,12,0.8,40.52,270.83,A,10518.0,2018-05-01 15:28:00,639121.7184004958,4290722.979565494,300.0,300.0,101.105,320.0,340.0,0.22517651403249633
74,76, 2018/05/01 15:29:00,962.52,962.4,961.7,27.1,36.1,21.5,71.4,12.934,36.0,41.0,41.0,28.0,38.0,41.0,49.0,28.0,60,60,59,60,27.3,21.9,26.4,15.9,152534,38.75434,-97.40682,385.9,2.0,12,0.8,41.17,270.87,A,10518.0,2018-05-01 15:29:00,638435.9202954348,4290721.000609486,302.0,302.0,101.105,322.0,360.0,0.1702631917631918
75,77, 2018/05/01 15:30:00,964.1,964.1,963.3,27.1,36.1,21.4,72.9,12.933,34.0,45.0,30.0,33.0,35.0,50.0,46.0,54.0,60,60,59,60,27.3,21.9,26.5,15.9,152634,38.75827,-97.409,382.5,2.0,11,0.8,41.02,0.62,A,10518.0,2018-05-01 15:30:00,638238.8999156993,4291153.839450663,327.0,327.0,101.105,353.0,353.0,0.18779919137466303
76,78, 2018/05/01 15:31:00,963.83,964.1,963.3,27.1,36.2,21.3,73.6,12.934,39.0,45.0,32.0,42.0,31.0,47.0,39.0,34.0,60,60,59,60,27.4,21.9,26.5,15.9,152734,38.76446,-97.40894,382.2,2.0,11,0.8,41.84,0.04,A,10518.0,2018-05-01 15:31:00,638232.1674460447,4291840.870751755,309.0,309.0,100.113,336.0,346.0,0.2070714285714285
77,79, 2018/05/01 15:32:00,964.93,964.9,964.2,27.2,36.3,21.3,75.3,12.929,40.0,37.0,48.0,41.0,44.0,46.0,39.0,45.0,60,60,59,60,27.4,21.9,26.5,15.9,152834,38.76879,-97.40894,372.0,2.0,11,0.8,25.02,167.99,A,10518.0,2018-05-01 15:32:00,638223.8100412262,4292321.396675027,340.0,340.0,100.113,374.0,339.0,0.22835119047619054
78,80, 2018/05/01 15:33:00,963.49,963.6,962.9,27.2,36.2,21.3,73.6,12.932,52.0,51.0,37.0,34.0,35.0,41.0,31.0,31.0,60,60,59,60,27.4,21.9,26.5,15.9,152934,38.76264,-97.40895,382.2,1.0,11,0.8,41.13,179.76,A,10518.0,2018-05-01 15:33:00,638234.8111454251,4291638.879485677,312.0,312.0,100.113,339.0,346.0,0.2070714285714285
79,81, 2018/05/01 15:34:00,963.43,963.4,962.7,27.2,36.2,21.3,74.0,12.94,61.0,38.0,41.0,25.0,49.0,43.0,42.0,49.0,60,60,59,60,27.4,21.9,26.5,15.9,153034,38.75649,-97.40901,377.3,1.0,11,0.8,40.87,180.38,A,10518.0,2018-05-01 15:34:00,638241.4657472615,4290956.287416545,348.0,348.0,100.113,378.0,367.0,0.15423891625615768
80,82, 2018/05/01 15:35:00,963.25,963.4,962.7,27.2,36.2,21.3,73.0,12.933,43.0,44.0,40.0,41.0,41.0,48.0,44.0,44.0,60,60,59,60,27.4,21.8,26.6,15.9,153134,38.75029,-97.40903,380.6,2.0,11,0.8,41.36,179.2,A,10518.0,2018-05-01 15:35:00,638251.6904234699,4290268.2076719245,345.0,345.0,100.113,374.0,368.0,0.152061811505508
81,83, 2018/05/01 15:36:00,964.01,963.7,962.9,27.2,36.3,21.1,74.2,12.937,45.0,45.0,32.0,48.0,39.0,47.0,48.0,34.0,60,59,59,60,27.5,21.9,26.6,15.9,153234,38.74414,-97.40901,378.6,2.0,11,0.8,40.89,181.19,A,10518.0,2018-05-01 15:36:00,638265.2931259854,4289585.737813836,338.0,338.0,100.113,368.0,371.0,0.14568750000000003
82,84, 2018/05/01 15:37:00,962.76,962.5,961.9,27.3,36.3,21.0,73.8,12.922,50.0,44.0,36.0,49.0,45.0,44.0,46.0,48.0,60,59,59,60,27.5,21.9,26.6,15.9,153334,38.73798,-97.40897,387.7,2.0,11,0.8,40.91,179.54,A,10518.0,2018-05-01 15:37:00,638280.6521680411,4288902.189077467,362.0,362.0,100.113,390.0,372.0,0.14361350059737152
83,85, 2018/05/01 15:38:00,963.54,963.4,962.6,27.3,36.4,21.2,73.8,12.939,49.0,36.0,38.0,41.0,48.0,40.0,45.0,48.0,60,59,59,60,27.5,21.8,26.6,15.9,153434,38.73182,-97.40894,377.4,1.0,11,0.8,41.19,179.72,A,10518.0,2018-05-01 15:38:00,638295.1409537289,4288218.6258968115,345.0,345.0,100.113,375.0,375.0,0.13753755868544607
84,86, 2018/05/01 15:39:00,963.78,964.0,963.4,27.3,36.4,21.1,73.5,12.939,57.0,35.0,35.0,48.0,47.0,35.0,48.0,59.0,60,59,59,60,27.5,21.8,26.6,15.9,153534,38.72564,-97.4089,373.8,2.0,11,0.8,41.23,179.74,A,10518.0,2018-05-01 15:39:00,638310.5364773541,4287532.858980869,364.0,,100.113,,,
85,87, 2018/05/01 15:40:00,964.04,963.8,963.1,27.3,36.5,21.1,73.8,12.937,38.0,40.0,48.0,44.0,43.0,37.0,44.0,40.0,60,59,59,60,27.5,21.8,26.6,15.9,153634,38.71948,-97.4089,373.6,2.0,11,0.8,41.08,180.56,A,10518.0,2018-05-01 15:40:00,638322.4148216106,4286849.251810973,334.0,,100.113,,,
86,88, 2018/05/01 15:41:00,962.08,962.0,961.2,27.4,36.4,21.1,73.1,12.937,31.0,43.0,41.0,38.0,41.0,44.0,39.0,51.0,60,59,60,60,27.5,21.8,26.6,15.9,153734,38.71335,-97.40892,391.3,2.0,11,0.8,40.61,180.59,A,10518.0,2018-05-01 15:41:00,638332.4947754785,4286168.944348906,328.0,,100.113,,,
87,89, 2018/05/01 15:42:00,962.84,962.5,961.8,27.4,36.5,21.0,72.9,12.929,41.0,49.0,47.0,25.0,29.0,47.0,49.0,40.0,60,59,60,60,27.6,21.8,26.6,15.9,153834,38.70821,-97.40895,392.7,2.0,11,0.8,40.15,181.2,A,10518.0,2018-05-01 15:42:00,638339.7949563214,4285598.487625739,327.0,,100.113,,,
88,90, 2018/05/01 15:43:00,962.92,962.9,962.2,27.4,36.5,21.1,72.7,12.94,43.0,47.0,29.0,47.0,29.0,41.0,51.0,41.0,60,59,60,60,27.6,21.8,26.7,15.9,153934,38.70201,-97.40909,390.1,2.0,11,0.8,40.91,180.64,A,10518.0,2018-05-01 15:43:00,638339.5709171869,4284910.231918277,328.0,,100.113,,,
89,91, 2018/05/01 15:44:00,963.65,963.4,962.6,27.4,36.6,21.2,73.2,12.938,49.0,55.0,37.0,43.0,35.0,40.0,44.0,39.0,60,59,60,60,27.6,21.9,26.7,15.9,154034,38.69594,-97.40913,384.8,2.0,11,0.8,37.48,177.99,A,10518.0,2018-05-01 15:44:00,638347.7895210811,4284236.5546406945,342.0,342.0,100.113,371.0,,
90,92, 2018/05/01 15:45:00,963.64,963.6,962.9,27.4,36.5,21.1,73.1,12.937,43.0,43.0,51.0,45.0,47.0,35.0,45.0,32.0,60,59,60,60,27.6,21.9,26.7,15.9,154134,38.69046,-97.4091,383.9,2.0,11,0.8,40.65,180.7,A,10518.0,2018-05-01 15:45:00,638360.9575433843,4283628.458741983,341.0,341.0,100.113,370.0,373.0,0.14156413301662707
91,93, 2018/05/01 15:46:00,963.72,963.8,963.1,27.5,36.5,21.3,72.8,12.932,35.0,43.0,40.0,45.0,55.0,39.0,48.0,40.0,60,59,60,60,27.6,21.9,26.7,15.9,154234,38.6843,-97.40913,382.2,2.0,10,0.9,41.08,180.03,A,10518.0,2018-05-01 15:46:00,638370.2157508492,4282944.810095364,345.0,345.0,100.113,375.0,365.0,0.1586745635910224
92,94, 2018/05/01 15:47:00,962.28,962.0,961.4,27.5,36.5,21.3,72.9,12.932,32.0,39.0,46.0,37.0,44.0,45.0,54.0,38.0,60,59,60,60,27.6,21.9,26.7,15.9,154334,38.68177,-97.41277,386.8,1.0,11,0.8,39.52,270.08,A,10518.0,2018-05-01 15:47:00,638058.4615119398,4282658.554880583,335.0,335.0,100.113,360.0,357.0,0.1775813648293964
93,95, 2018/05/01 15:48:00,964.35,964.4,963.7,27.5,36.5,21.4,73.0,12.938,60.0,46.0,31.0,33.0,35.0,39.0,45.0,38.0,60,59,60,60,27.6,21.8,26.7,15.9,154434,38.68195,-97.41914,373.1,1.0,09,1.0,7.09,291.45,A,10518.0,2018-05-01 15:48:00,637504.0184134482,4282668.953485289,327.0,327.0,100.113,357.0,358.0,0.17511016949152547
94,96, 2018/05/01 15:49:00,963.43,963.5,962.7,27.5,36.6,21.4,72.5,12.936,36.0,58.0,36.0,41.0,46.0,41.0,40.0,39.0,60,59,60,60,27.6,21.8,26.8,15.9,154534,38.6818,-97.42329,373.9,1.0,09,1.0,40.97,270.68,A,10518.0,2018-05-01 15:49:00,637143.3154733127,4282646.088873944,337.0,337.0,100.113,365.0,358.0,0.17511016949152547
95,97, 2018/05/01 15:50:00,964.34,964.2,963.5,27.6,36.6,21.4,72.6,12.937,42.0,45.0,39.0,36.0,42.0,32.0,55.0,47.0,60,59,60,60,27.7,21.8,26.8,15.9,154634,38.6838,-97.42754,371.0,1.0,09,1.0,41.13,358.78,A,10518.0,2018-05-01 15:50:00,636769.8189455855,4282861.686068695,338.0,338.0,100.113,369.0,358.0,0.17511016949152547
96,98, 2018/05/01 15:51:00,964.23,964.3,963.6,27.6,36.7,21.3,73.2,12.935,28.0,43.0,42.0,30.0,50.0,39.0,51.0,44.0,60,60,60,60,27.7,21.8,26.8,15.9,154734,38.68997,-97.42753,370.8,1.0,09,1.0,41.08,0.07,A,10518.0,2018-05-01 15:51:00,636758.9397507728,4283546.412691095,327.0,327.0,100.113,357.0,,
97,99, 2018/05/01 15:52:00,964.41,964.5,963.9,27.6,36.6,21.5,72.0,12.936,46.0,40.0,44.0,48.0,53.0,44.0,42.0,43.0,60,60,60,60,27.7,21.8,26.8,15.9,154834,38.69606,-97.42753,369.3,1.0,09,1.0,23.24,1.61,A,10518.0,2018-05-01 15:52:00,636747.34150205,4284222.2470986,360.0,,100.113,,,
98,100, 2018/05/01 15:53:00,964.45,964.5,963.9,27.6,36.7,21.6,71.9,12.938,41.0,46.0,29.0,41.0,42.0,42.0,46.0,42.0,60,60,60,60,27.7,21.8,26.8,15.9,154934,38.70144,-97.42761,369.1,1.0,09,1.0,29.19,1.23,A,10518.0,2018-05-01 15:53:00,636730.1372045896,4284819.170779356,329.0,329.0,100.113,360.0,,
99,101, 2018/05/01 15:54:00,964.7,964.7,964.0,27.6,36.6,21.6,71.5,12.933,39.0,41.0,44.0,55.0,35.0,38.0,37.0,48.0,60,60,60,60,27.7,21.8,26.8,15.9,155034,38.7035,-97.42898,370.7,1.0,09,1.0,8.57,341.79,A,10518.0,2018-05-01 15:54:00,636607.0792776218,4285045.7345128255,337.0,337.0,100.113,369.0,,
100,102, 2018/05/01 15:55:00,964.53,964.5,963.8,27.7,36.6,21.7,71.5,12.928,51.0,38.0,32.0,43.0,42.0,43.0,44.0,35.0,60,60,60,60,27.7,21.8,26.8,15.9,155134,38.70459,-97.42917,367.2,2.0,09,1.0,19.02,87.04,A,10518.0,2018-05-01 15:55:00,636588.4828196033,4285166.413524816,328.0,328.0,100.113,359.0,,
101,103, 2018/05/01 15:56:00,964.42,964.4,963.7,27.7,36.7,21.7,70.8,12.929,43.0,50.0,63.0,39.0,44.0,39.0,48.0,44.0,60,60,60,60,27.7,21.8,26.8,15.9,155234,38.70633,-97.4276,368.6,1.0,09,1.0,41.11,359.97,A,10518.0,2018-05-01 15:56:00,636721.6921352181,4285361.851702869,370.0,,100.113,,,
102,104, 2018/05/01 15:57:00,964.35,964.3,963.6,27.7,36.7,21.7,70.8,12.934,33.0,38.0,42.0,45.0,45.0,20.0,41.0,46.0,60,60,60,60,27.7,21.8,26.8,15.9,155334,38.71252,-97.42754,369.0,1.0,09,1.0,42.28,0.32,A,10518.0,2018-05-01 15:57:00,636715.1166146342,4286048.8749031685,310.0,310.0,100.113,338.0,,
103,105, 2018/05/01 15:58:00,964.85,964.6,964.0,27.7,36.7,21.6,73.1,12.932,41.0,40.0,57.0,43.0,49.0,38.0,35.0,41.0,60,60,60,60,27.8,21.8,26.8,15.9,155434,38.71872,-97.42746,359.6,1.0,10,0.9,40.97,1.19,A,10518.0,2018-05-01 15:58:00,636710.2583510868,4286737.038397381,344.0,344.0,100.113,378.0,378.0,0.1316718569780854
104,106, 2018/05/01 15:59:00,964.58,964.4,963.8,27.8,36.8,21.6,71.9,12.929,44.0,36.0,43.0,40.0,42.0,42.0,44.0,34.0,60,60,60,60,27.8,21.8,26.8,15.9,155534,38.72472,-97.42789,368.7,1.0,10,0.9,40.24,324.44,A,10518.0,2018-05-01 15:59:00,636661.4424055073,4287402.246240717,325.0,325.0,100.113,356.0,,
105,107, 2018/05/01 16:00:00,964.93,964.9,964.2,27.8,36.8,21.6,72.2,12.929,51.0,43.0,46.0,43.0,41.0,49.0,39.0,38.0,60,60,60,60,27.8,21.8,26.9,15.9,155634,38.73038,-97.42744,365.6,1.0,09,0.9,41.13,359.1,A,10518.0,2018-05-01 16:00:00,636689.7743554641,4288031.036840955,350.0,350.0,100.113,384.0,384.0,0.12052898550724629
106,108, 2018/05/01 16:01:00,964.98,964.8,964.2,27.8,36.8,21.4,73.8,12.932,40.0,46.0,31.0,52.0,48.0,40.0,48.0,44.0,60,60,60,60,27.8,21.8,26.9,15.9,155734,38.73656,-97.42741,364.1,1.0,10,0.9,41.19,359.57,A,10518.0,2018-05-01 16:01:00,636680.6011546331,4288716.9081514,349.0,349.0,100.113,384.0,378.0,0.1316718569780854
107,109, 2018/05/01 16:02:00,964.92,964.8,964.2,27.8,36.8,21.3,73.7,12.933,36.0,42.0,43.0,51.0,43.0,37.0,53.0,39.0,60,60,60,60,27.8,21.8,26.9,15.9,155834,38.74238,-97.42891,361.9,1.0,10,0.9,40.91,353.29,A,10518.0,2018-05-01 16:02:00,636539.1369030891,4289360.545421037,344.0,344.0,100.113,378.0,378.0,0.1316718569780854
108,110, 2018/05/01 16:03:00,965.14,965.1,964.5,27.8,36.7,21.6,71.7,12.929,35.0,43.0,45.0,44.0,54.0,38.0,38.0,47.0,60,60,60,60,27.8,21.8,26.9,15.9,155934,38.74853,-97.4286,357.5,1.0,09,0.9,41.04,5.84,A,10518.0,2018-05-01 16:03:00,636554.3616255982,4290043.506407131,344.0,344.0,100.113,378.0,,
109,111, 2018/05/01 16:04:00,965.11,965.0,964.5,27.8,36.7,21.7,72.1,12.933,42.0,48.0,38.0,46.0,42.0,45.0,37.0,39.0,60,60,60,60,27.8,21.7,26.9,15.9,160034,38.75459,-97.42738,364.1,1.0,09,0.9,41.41,359.56,A,10518.0,2018-05-01 16:04:00,636648.8281746783,4290717.839015034,337.0,337.0,100.113,371.0,,
110,112, 2018/05/01 16:05:00,965.3,965.2,964.7,27.9,36.7,21.6,72.8,12.932,44.0,47.0,36.0,33.0,51.0,39.0,37.0,34.0,60,60,60,60,27.8,21.8,26.9,15.9,160134,38.76078,-97.42742,366.1,1.0,10,0.8,41.32,359.21,A,10518.0,2018-05-01 16:05:00,636633.5460365443,4291404.7181867175,321.0,321.0,100.113,354.0,366.0,0.15644299876084267
111,113, 2018/05/01 16:06:00,965.18,965.1,964.6,27.9,36.6,21.6,74.3,12.934,48.0,42.0,36.0,37.0,41.0,51.0,47.0,45.0,60,60,60,60,27.9,21.8,26.9,15.9,160234,38.76694,-97.42746,365.0,1.0,09,0.9,41.19,359.48,A,10518.0,2018-05-01 16:06:00,636618.3201286064,4292088.268756281,347.0,347.0,100.113,382.0,382.0,0.12415952649379933
112,114, 2018/05/01 16:07:00,964.54,964.7,963.5,27.9,36.5,21.7,73.2,12.933,50.0,37.0,45.0,49.0,54.0,33.0,35.0,49.0,60,60,60,60,27.9,21.7,26.9,15.9,160334,38.76876,-97.43198,364.9,1.0,09,0.9,40.91,268.9,A,10518.0,2018-05-01 16:07:00,636222.1504752139,4292283.503712806,352.0,352.0,100.113,386.0,382.0,0.12415952649379933
113,115, 2018/05/01 16:08:00,964.11,964.2,963.7,27.9,36.5,22.1,70.5,12.935,52.0,38.0,39.0,39.0,43.0,44.0,39.0,34.0,60,60,60,60,27.9,21.7,27.0,15.9,160434,38.76875,-97.43987,368.0,1.0,09,0.9,40.95,270.19,A,10518.0,2018-05-01 16:08:00,635536.686530984,4292270.673659609,328.0,328.0,100.113,358.0,367.0,0.15423891625615768
114,116, 2018/05/01 16:09:00,964.32,964.2,963.6,27.9,36.5,22.3,71.0,12.934,45.0,42.0,41.0,42.0,36.0,44.0,38.0,51.0,60,60,60,60,27.9,21.7,27.0,15.9,160534,38.76829,-97.44588,362.3,1.0,09,0.9,44.34,180.04,A,10518.0,2018-05-01 16:09:00,635015.4055473191,4292210.736966952,339.0,339.0,100.113,371.0,369.0,0.14991119221411195
115,117, 2018/05/01 16:10:00,964.23,964.0,963.4,28.0,36.4,22.1,71.0,12.932,44.0,40.0,39.0,47.0,45.0,49.0,41.0,41.0,60,60,60,60,27.9,21.7,27.0,15.9,160634,38.76209,-97.44581,373.7,2.0,09,0.9,41.17,179.62,A,10518.0,2018-05-01 16:10:00,635033.1760423273,4291522.792120326,346.0,346.0,100.113,378.0,374.0,0.13953896103896096
116,118, 2018/05/01 16:11:00,963.83,964.2,963.5,28.0,36.4,22.0,70.7,12.934,45.0,40.0,37.0,50.0,54.0,51.0,53.0,39.0,60,60,60,60,27.9,21.7,27.0,15.9,160734,38.75593,-97.44581,373.3,2.0,10,0.8,40.8,180.4,A,10518.0,2018-05-01 16:11:00,635044.7879231563,4290839.18364373,369.0,369.0,100.113,402.0,376.0,0.13555950991831978
117,119, 2018/05/01 16:12:00,963.8,963.4,962.9,28.0,36.4,22.2,69.7,12.934,51.0,32.0,39.0,45.0,44.0,48.0,41.0,38.0,60,60,60,60,27.9,21.7,27.0,15.9,160834,38.74977,-97.44581,371.8,2.0,10,0.8,40.84,180.6,A,10518.0,2018-05-01 16:12:00,635056.3982375581,4290155.57583656,338.0,338.0,100.113,368.0,374.0,0.13953896103896096
118,120, 2018/05/01 16:13:00,963.99,964.0,963.3,28.0,36.4,22.2,70.0,12.931,44.0,40.0,42.0,45.0,40.0,39.0,36.0,37.0,60,60,60,60,27.9,21.7,27.0,15.9,160934,38.74362,-97.4458,372.2,2.0,10,0.8,41.04,179.75,A,10518.0,2018-05-01 16:13:00,635068.8572450939,4289473.09320793,323.0,323.0,100.113,352.0,363.0,0.16322222222222216
119,121, 2018/05/01 16:14:00,963.8,963.8,963.2,28.0,36.3,22.4,68.7,12.934,58.0,44.0,30.0,44.0,39.0,44.0,41.0,49.0,60,60,60,60,27.9,21.7,27.0,15.9,161034,38.73746,-97.44581,371.4,2.0,10,0.8,40.98,180.78,A,10518.0,2018-05-01 16:14:00,635079.5953250016,4288789.471980585,349.0,349.0,100.113,380.0,362.0,0.16553939008894533
120,122, 2018/05/01 16:15:00,964.08,963.9,963.3,28.1,36.2,22.2,70.6,12.932,34.0,42.0,45.0,41.0,35.0,45.0,46.0,48.0,60,60,60,60,27.9,21.7,27.1,15.9,161134,38.73131,-97.44586,371.4,2.0,10,0.8,40.95,180.34,A,10518.0,2018-05-01 16:15:00,635086.8358372485,4288106.902148843,336.0,336.0,100.113,367.0,,
121,123, 2018/05/01 16:16:00,963.8,963.7,963.2,28.1,36.2,22.2,70.8,12.932,43.0,60.0,30.0,54.0,34.0,41.0,44.0,50.0,60,60,60,60,28.0,21.7,27.0,15.9,161234,38.72515,-97.44592,371.7,2.0,10,0.8,40.95,180.33,A,10518.0,2018-05-01 16:16:00,635093.2235491858,4287423.20849098,356.0,356.0,100.113,388.0,,
122,124, 2018/05/01 16:17:00,963.55,963.4,962.9,28.1,36.2,22.4,69.6,12.932,51.0,41.0,46.0,42.0,44.0,56.0,53.0,48.0,60,60,60,60,28.0,21.7,27.1,15.9,161334,38.71901,-97.446,377.3,2.0,10,0.8,40.97,179.97,A,10518.0,2018-05-01 16:17:00,635097.832329392,4286741.705501719,381.0,381.0,100.113,414.0,,
123,125, 2018/05/01 16:18:00,962.9,962.8,962.3,28.1,36.1,22.4,69.3,12.932,47.0,45.0,59.0,47.0,43.0,46.0,40.0,44.0,60,60,60,60,28.0,21.7,27.1,15.9,161434,38.71284,-97.44607,385.9,2.0,10,0.8,41.1,180.83,A,10518.0,2018-05-01 16:18:00,635103.3643229862,4286056.888708961,371.0,371.0,100.113,401.0,406.0,0.08535203574975175
124,126, 2018/05/01 16:19:00,963.87,963.9,963.3,28.1,36.0,22.4,70.2,12.932,47.0,38.0,37.0,46.0,49.0,41.0,46.0,38.0,60,60,60,60,28.0,21.7,27.1,15.9,161534,38.70767,-97.44609,376.3,2.0,10,0.8,40.87,178.33,A,10518.0,2018-05-01 16:19:00,635111.3588910816,4285483.120839829,342.0,342.0,100.113,373.0,400.0,0.09416018423746159
125,127, 2018/05/01 16:20:00,963.88,963.8,963.3,28.2,36.0,22.4,69.3,12.933,38.0,43.0,40.0,45.0,46.0,53.0,41.0,45.0,60,60,60,59,28.0,21.7,27.1,15.9,161634,38.7015,-97.44633,378.8,2.0,10,0.8,40.91,181.21,A,10518.0,2018-05-01 16:20:00,635102.1029122372,4284798.054572929,351.0,351.0,100.113,382.0,,
126,128, 2018/05/01 16:21:00,963.48,963.4,962.9,28.2,35.9,22.6,69.4,12.934,39.0,39.0,46.0,51.0,48.0,44.0,37.0,51.0,60,60,60,59,28.0,21.7,27.1,15.9,161734,38.69535,-97.44609,382.4,1.0,09,0.9,41.13,179.18,A,10518.0,2018-05-01 16:21:00,635134.5492177668,4284115.916421368,355.0,355.0,100.113,386.0,,
127,129, 2018/05/01 16:22:00,962.9,962.9,962.3,28.2,35.8,22.6,69.0,12.928,42.0,38.0,33.0,41.0,40.0,43.0,44.0,38.0,60,60,60,59,28.0,21.7,27.1,15.9,161834,38.68919,-97.44613,382.9,1.0,09,0.9,41.1,179.76,A,10518.0,2018-05-01 16:22:00,635142.662975023,4283432.256221192,319.0,,100.113,,,
128,130, 2018/05/01 16:23:00,963.01,962.8,962.3,28.2,35.7,22.9,68.3,12.924,39.0,40.0,47.0,48.0,41.0,44.0,56.0,46.0,60,60,60,59,28.0,21.7,27.1,15.9,161934,38.68305,-97.44614,381.3,1.0,09,0.9,40.8,179.07,A,10518.0,2018-05-01 16:23:00,635153.3464526025,4282750.860421057,361.0,361.0,100.113,391.0,,
129,131, 2018/05/01 16:24:00,963.26,963.3,962.7,28.2,35.6,22.5,68.3,12.931,43.0,37.0,48.0,44.0,45.0,34.0,38.0,49.0,60,60,60,59,28.0,21.7,27.1,15.9,162034,38.68391,-97.44609,385.8,1.0,09,0.9,41.3,358.15,A,10518.0,2018-05-01 16:24:00,635156.0774786159,4282846.371857906,338.0,338.0,100.113,366.0,,
130,132, 2018/05/01 16:25:00,963.13,963.1,962.5,28.2,35.6,22.7,69.1,12.929,55.0,33.0,36.0,52.0,55.0,46.0,39.0,42.0,60,60,60,59,28.1,21.7,27.2,15.9,162134,38.6901,-97.44609,387.6,1.0,09,0.9,41.02,0.31,A,10518.0,2018-05-01 16:25:00,635144.4295541708,4283533.301715435,358.0,,100.113,,,
131,133, 2018/05/01 16:26:00,963.8,963.8,963.3,28.2,35.5,22.8,68.5,12.927,50.0,42.0,39.0,45.0,36.0,40.0,46.0,37.0,60,60,60,59,28.1,21.7,27.2,15.9,162234,38.69621,-97.44607,383.6,1.0,09,0.9,28.0,36.82,A,10518.0,2018-05-01 16:26:00,635134.6699733943,4284211.383804753,335.0,,100.113,,,
132,134, 2018/05/01 16:27:00,964.08,964.0,963.5,28.3,35.4,22.5,69.4,12.925,40.0,54.0,39.0,47.0,43.0,40.0,41.0,54.0,60,60,60,59,28.1,21.7,27.2,15.9,162334,38.69628,-97.43831,377.9,1.0,09,0.9,41.26,90.09,A,10518.0,2018-05-01 16:27:00,635809.4084943902,4284230.6264952365,358.0,358.0,100.113,391.0,,
133,135, 2018/05/01 16:28:00,964.34,964.3,963.7,28.3,35.3,22.4,69.1,12.933,47.0,49.0,47.0,47.0,46.0,39.0,53.0,43.0,60,60,60,59,28.1,21.7,27.2,15.9,162434,38.69628,-97.43043,377.4,1.0,09,0.9,41.06,89.96,A,10518.0,2018-05-01 16:28:00,636494.7154653608,4284242.336955873,371.0,371.0,100.113,405.0,,
134,136, 2018/05/01 16:29:00,964.17,964.1,963.6,28.3,35.2,22.9,66.8,12.93,37.0,41.0,57.0,34.0,39.0,66.0,48.0,68.0,60,60,60,59,28.1,21.7,27.2,15.8,162534,38.69627,-97.42425,378.0,1.0,09,0.9,42.23,91.35,A,10518.0,2018-05-01 16:29:00,637032.1965077984,4284250.452568744,390.0,390.0,100.113,426.0,,
135,137, 2018/05/01 16:30:00,964.19,964.1,963.8,28.3,35.1,23.1,65.7,12.928,32.0,32.0,39.0,45.0,33.0,53.0,44.0,51.0,60,60,60,59,28.1,21.7,27.2,15.9,162634,38.69625,-97.41636,381.2,1.0,09,0.9,41.15,90.28,A,10518.0,2018-05-01 16:30:00,637718.4126355633,4284260.063803433,329.0,329.0,100.113,359.0,376.0,0.13555950991831978
136,138, 2018/05/01 16:31:00,963.54,963.7,963.2,28.3,35.0,22.9,67.8,12.933,53.0,34.0,39.0,45.0,41.0,41.0,49.0,49.0,60,60,60,59,28.1,21.7,27.2,15.9,162734,38.69627,-97.40849,382.6,1.0,09,0.9,41.19,90.74,A,10518.0,2018-05-01 16:31:00,638402.8132503489,4284274.142940447,351.0,351.0,100.249,381.0,,
137,139, 2018/05/01 16:32:00,963.25,963.2,962.6,28.3,35.0,22.9,69.1,12.932,41.0,41.0,35.0,40.0,48.0,40.0,42.0,42.0,60,60,60,59,28.1,21.7,27.2,15.9,162834,38.69625,-97.40063,385.9,1.0,10,0.8,41.23,90.18,A,10518.0,2018-05-01 16:32:00,639086.4218659513,4284283.826738381,329.0,329.0,100.249,357.0,364.0,0.16093412797992468
138,140, 2018/05/01 16:33:00,962.47,962.5,962.0,28.4,34.9,22.9,67.9,12.931,29.0,45.0,35.0,47.0,45.0,35.0,45.0,46.0,60,60,60,59,28.1,21.7,27.2,15.8,162934,38.69627,-97.39272,395.1,1.0,10,0.8,40.95,89.86,A,10518.0,2018-05-01 16:33:00,639774.301984415,4284298.084494147,327.0,327.0,100.249,352.0,348.0,0.20137308228730824
139,141, 2018/05/01 16:34:00,962.75,962.8,962.2,28.4,34.8,22.9,67.2,12.932,45.0,41.0,40.0,38.0,45.0,43.0,32.0,34.0,60,60,60,59,28.1,21.7,27.2,15.9,163034,38.69632,-97.38485,393.1,1.0,10,0.8,41.36,89.91,A,10518.0,2018-05-01 16:34:00,640458.6448828698,4284315.669610501,318.0,318.0,100.249,343.0,350.0,0.1958314993122421
140,142, 2018/05/01 16:35:00,962.41,962.3,961.9,28.4,34.8,22.9,66.5,12.93,42.0,41.0,39.0,32.0,43.0,45.0,52.0,43.0,60,60,60,59,28.1,21.7,27.2,15.9,163134,38.69633,-97.37701,395.3,1.0,10,0.8,40.86,89.36,A,10518.0,2018-05-01 16:35:00,641140.4569959796,4284328.828347545,337.0,337.0,100.249,362.0,364.0,0.16093412797992468
141,143, 2018/05/01 16:36:00,961.85,961.9,961.4,28.4,34.8,22.9,67.6,12.932,41.0,48.0,38.0,41.0,34.0,18.0,42.0,46.0,60,60,60,60,28.1,21.7,27.3,15.8,163234,38.69814,-97.37197,395.4,1.0,10,0.8,41.06,359.96,A,10518.0,2018-05-01 16:36:00,641575.2083554041,4284537.4700465575,308.0,308.0,100.249,330.0,364.0,0.16093412797992468
142,144, 2018/05/01 16:37:00,961.83,962.2,961.7,28.4,34.8,22.6,68.3,12.928,37.0,38.0,46.0,38.0,31.0,42.0,44.0,40.0,60,60,60,60,28.2,21.7,27.3,15.9,163334,38.70432,-97.37202,383.8,1.0,10,0.8,41.63,0.63,A,10518.0,2018-05-01 16:37:00,641558.6724196748,4285223.219867594,316.0,316.0,100.249,338.0,340.0,0.22517651403249633
143,145, 2018/05/01 16:38:00,961.84,961.9,961.4,28.4,34.7,22.6,67.8,12.929,46.0,42.0,24.0,44.0,39.0,49.0,37.0,40.0,60,60,60,60,28.2,21.7,27.3,15.8,163434,38.71046,-97.37203,385.7,1.0,10,0.8,34.15,359.49,A,10518.0,2018-05-01 16:38:00,641545.6925297114,4285904.593153773,321.0,321.0,100.249,343.0,342.0,0.21896579330422122
144,146, 2018/05/01 16:39:00,962.02,962.2,961.8,28.5,34.8,22.6,68.6,12.924,38.0,44.0,35.0,34.0,35.0,48.0,48.0,42.0,60,60,60,60,28.2,21.6,27.3,15.8,163534,38.7108,-97.37842,383.6,1.0,10,0.8,41.11,269.22,A,10518.0,2018-05-01 16:39:00,640989.4060244067,4285932.468511086,324.0,324.0,100.249,347.0,,
145,147, 2018/05/01 16:40:00,961.59,961.7,961.1,28.5,34.7,23.0,67.9,12.93,33.0,42.0,42.0,45.0,47.0,50.0,37.0,49.0,60,60,60,60,28.2,21.6,27.3,15.8,163634,38.71072,-97.38631,383.2,1.0,10,0.8,40.98,269.44,A,10518.0,2018-05-01 16:40:00,640303.5208603934,4285911.474041228,345.0,,100.249,,,
146,148, 2018/05/01 16:41:00,961.23,961.1,960.5,28.5,34.7,22.8,68.9,12.93,34.0,30.0,42.0,41.0,34.0,47.0,37.0,39.0,60,60,60,60,28.2,21.6,27.3,15.8,163734,38.7107,-97.39417,390.7,1.0,10,0.8,40.76,269.37,A,10518.0,2018-05-01 16:41:00,639620.1265367403,4285897.242968763,304.0,,100.249,,,
147,149, 2018/05/01 16:42:00,961.56,961.3,960.8,28.5,34.8,22.9,67.6,12.93,48.0,46.0,38.0,48.0,40.0,37.0,40.0,45.0,60,60,60,60,28.2,21.6,27.3,15.8,163834,38.71067,-97.40202,384.8,1.0,10,0.8,40.54,270.51,A,10518.0,2018-05-01 16:42:00,638937.621278577,4285881.976009418,342.0,342.0,100.249,366.0,,
148,150, 2018/05/01 16:43:00,961.3,961.6,961.3,28.5,34.8,23.2,66.4,12.929,35.0,33.0,49.0,42.0,38.0,43.0,39.0,47.0,60,60,60,60,28.2,21.6,27.3,15.8,163934,38.71069,-97.40993,387.2,1.0,10,0.8,43.26,272.35,A,10518.0,2018-05-01 16:43:00,638249.8026530254,4285872.225773609,326.0,,100.249,,,
149,151, 2018/05/01 16:44:00,963.25,963.1,962.8,28.5,34.9,23.6,64.3,12.927,46.0,49.0,47.0,40.0,41.0,37.0,37.0,44.0,60,60,60,60,28.2,21.6,27.3,15.8,164034,38.71075,-97.41788,373.1,1.0,09,0.9,41.04,269.88,A,10518.0,2018-05-01 16:44:00,637558.430292156,4285866.913888972,341.0,,100.249,,,
150,152, 2018/05/01 16:45:00,963.73,963.7,963.3,28.6,34.9,23.6,63.9,12.929,37.0,47.0,46.0,44.0,39.0,33.0,36.0,44.0,60,60,60,60,28.2,21.6,27.3,15.8,164134,38.70874,-97.42229,372.7,1.0,09,0.9,20.52,235.4,A,10518.0,2018-05-01 16:45:00,637178.8208446098,4285637.240242402,326.0,,100.249,,,
151,153, 2018/05/01 16:46:00,964.06,964.2,963.7,28.6,34.9,23.2,66.1,12.93,45.0,42.0,39.0,63.0,46.0,41.0,48.0,35.0,60,60,60,60,28.2,21.6,27.3,15.8,164234,38.70873,-97.42723,372.5,1.0,09,0.9,22.08,270.36,A,10518.0,2018-05-01 16:46:00,636749.2927031801,4285628.74335166,359.0,,100.249,,,
152,154, 2018/05/01 16:47:00,963.75,963.9,963.3,28.6,35.0,23.4,65.8,12.92,41.0,48.0,43.0,35.0,43.0,28.0,48.0,39.0,60,60,60,60,28.2,21.6,27.3,15.8,164334,38.71078,-97.43127,369.1,1.0,09,0.9,40.86,269.84,A,10518.0,2018-05-01 16:47:00,636394.106899172,4285850.217415323,325.0,325.0,100.249,353.0,,
153,155, 2018/05/01 16:48:00,963.41,963.3,962.7,28.6,34.9,23.2,67.2,12.928,42.0,59.0,42.0,51.0,52.0,40.0,37.0,46.0,60,60,60,60,28.3,21.7,27.3,15.8,164434,38.7108,-97.43913,370.9,1.0,10,0.9,40.82,270.36,A,10518.0,2018-05-01 16:48:00,635710.6396789631,4285840.7610381385,369.0,369.0,100.249,400.0,400.0,0.09416018423746159
154,156, 2018/05/01 16:49:00,961.84,961.7,961.2,28.6,34.9,23.0,66.9,12.923,50.0,45.0,54.0,57.0,42.0,44.0,44.0,47.0,60,60,60,60,28.3,21.6,27.4,15.8,164534,38.7108,-97.44699,384.2,1.0,10,0.9,42.17,269.9,A,10518.0,2018-05-01 16:49:00,635027.2110342367,4285829.143853245,383.0,383.0,100.249,410.0,401.0,0.09265478615071278
155,157, 2018/05/01 16:50:00,960.9,961.5,961.1,28.7,34.9,22.8,66.6,12.926,55.0,58.0,43.0,43.0,40.0,42.0,56.0,56.0,60,60,60,60,28.3,21.6,27.4,15.8,164634,38.71082,-97.45484,391.5,1.0,10,0.9,40.48,270.19,A,10518.0,2018-05-01 16:50:00,634344.6150073898,4285819.8195116045,393.0,393.0,100.249,417.0,406.0,0.08535203574975175
156,158, 2018/05/01 16:51:00,961.59,961.5,961.3,28.7,34.9,23.0,66.6,12.929,39.0,40.0,36.0,34.0,41.0,50.0,26.0,48.0,60,60,60,60,28.3,21.6,27.4,15.8,164734,38.71082,-97.46271,389.1,1.0,10,0.9,40.86,269.85,A,10518.0,2018-05-01 16:51:00,633660.3181676443,4285808.30502836,314.0,314.0,100.249,335.0,,
157,159, 2018/05/01 16:52:00,961.53,961.3,960.9,28.7,34.9,23.1,68.0,12.922,39.0,34.0,36.0,37.0,36.0,43.0,54.0,41.0,60,60,60,60,28.3,21.6,27.4,15.8,164834,38.71468,-97.46458,391.9,1.0,10,0.9,41.11,0.44,A,10518.0,2018-05-01 16:52:00,633490.5406092022,4286233.938779321,320.0,320.0,100.249,342.0,,
158,160, 2018/05/01 16:53:00,962.58,962.7,962.2,28.7,34.9,23.0,68.1,12.927,36.0,57.0,48.0,40.0,38.0,49.0,30.0,52.0,60,60,60,60,28.3,21.6,27.4,15.8,164934,38.72093,-97.46453,378.8,1.0,10,0.9,41.02,0.59,A,10518.0,2018-05-01 16:53:00,633483.2588436671,4286927.602038803,350.0,350.0,100.249,377.0,,
159,161, 2018/05/01 16:54:00,963.21,963.3,962.8,28.7,34.9,23.2,67.0,12.928,47.0,44.0,35.0,43.0,38.0,47.0,38.0,46.0,60,60,60,60,28.3,21.6,27.4,15.8,165034,38.72697,-97.46446,368.7,1.0,10,0.9,41.13,0.23,A,10518.0,2018-05-01 16:54:00,633478.1041621694,4287597.9904840235,338.0,338.0,100.249,366.0,,
160,162, 2018/05/01 16:55:00,962.95,963.0,962.5,28.7,34.9,23.3,65.9,12.927,40.0,35.0,52.0,39.0,42.0,40.0,41.0,44.0,60,60,60,60,28.3,21.6,27.4,15.8,165134,38.73311,-97.46439,374.5,1.0,10,0.9,41.28,0.44,A,10518.0,2018-05-01 16:55:00,633472.7608229474,4288279.477061353,333.0,333.0,100.249,360.0,366.0,0.15644299876084267
161,163, 2018/05/01 16:56:00,961.82,962.1,961.6,28.8,34.8,23.4,66.4,12.927,46.0,40.0,45.0,40.0,47.0,40.0,50.0,49.0,60,60,60,60,28.3,21.6,27.4,15.8,165234,38.7393,-97.46432,381.3,1.0,11,0.8,39.19,0.18,A,10518.0,2018-05-01 16:56:00,633467.3218141726,4288966.5130614415,357.0,357.0,100.249,383.0,359.0,0.17267098445595852
162,164, 2018/05/01 16:57:00,962.9,962.8,962.3,28.8,34.7,23.8,64.4,12.917,28.0,47.0,43.0,29.0,38.0,45.0,50.0,34.0,60,60,60,60,28.3,21.6,27.4,15.8,165334,38.74477,-97.46432,376.8,1.0,12,0.7,25.21,0.64,A,10518.0,2018-05-01 16:57:00,633457.1372852297,4289573.545715048,314.0,314.0,100.249,339.0,358.0,0.17511016949152547
163,165, 2018/05/01 16:58:00,962.77,962.7,962.3,28.8,34.7,23.9,63.5,12.927,42.0,37.0,48.0,47.0,35.0,35.0,46.0,51.0,60,60,60,60,28.3,21.6,27.4,15.8,165434,38.75116,-97.46421,373.8,1.0,12,0.7,41.39,0.64,A,10518.0,2018-05-01 16:58:00,633454.7973904134,4290282.836354311,341.0,341.0,100.249,368.0,366.0,0.15644299876084267
164,166, 2018/05/01 16:59:00,963.06,963.1,962.6,28.8,34.7,23.6,65.8,12.923,45.0,38.0,50.0,45.0,44.0,38.0,47.0,50.0,60,60,60,60,28.3,21.6,27.4,15.8,165534,38.75429,-97.46062,373.5,1.0,12,0.7,41.11,89.94,A,10518.0,2018-05-01 16:59:00,633760.929145888,4290635.430200667,357.0,357.0,100.249,386.0,374.0,0.13953896103896096
165,167, 2018/05/01 17:00:00,963.83,963.9,963.4,28.8,34.7,23.5,66.9,12.928,47.0,41.0,47.0,43.0,47.0,46.0,43.0,42.0,60,60,60,60,28.4,21.6,27.5,15.8,165634,38.75427,-97.45275,368.3,1.0,12,0.7,41.19,89.95,A,10518.0,2018-05-01 17:00:00,634444.8486992506,4290644.744716528,356.0,356.0,100.249,388.0,386.0,0.11697850055126797
166,168, 2018/05/01 17:01:00,964.44,964.3,963.9,28.9,34.6,23.4,66.5,12.928,35.0,48.0,40.0,46.0,49.0,64.0,27.0,33.0,60,60,60,60,28.4,21.6,27.5,15.8,165734,38.75425,-97.4458,364.3,1.0,12,0.7,17.5,87.57,A,10518.0,2018-05-01 17:01:00,635048.8235026989,4290652.75984354,342.0,342.0,100.249,374.0,375.0,0.13753755868544607
167,169, 2018/05/01 17:02:00,964.62,964.6,964.2,28.9,34.6,23.4,67.3,12.919,43.0,39.0,27.0,43.0,48.0,46.0,41.0,55.0,60,60,60,60,28.4,21.6,27.5,15.8,165834,38.75429,-97.43835,360.9,1.0,12,0.7,39.54,90.13,A,10518.0,2018-05-01 17:02:00,635696.1342284903,4290668.220767343,342.0,342.0,100.249,375.0,,
168,170, 2018/05/01 17:03:00,964.57,964.6,964.2,28.9,34.5,23.8,65.3,12.926,36.0,44.0,42.0,34.0,39.0,34.0,26.0,29.0,60,60,60,60,28.4,21.6,27.5,15.8,165934,38.75426,-97.43283,364.6,1.0,11,0.8,41.21,90.79,A,10518.0,2018-05-01 17:03:00,636175.8655809842,4290673.092090224,284.0,,100.249,,,
169,171, 2018/05/01 17:04:00,964.81,964.8,964.3,28.9,34.4,23.4,66.0,12.925,35.0,52.0,31.0,45.0,45.0,47.0,39.0,36.0,60,60,60,60,28.4,21.6,27.5,15.8,170034,38.75429,-97.42633,363.8,1.0,09,1.0,22.06,66.2,A,10518.0,2018-05-01 17:04:00,636740.64282535,4290686.114964631,330.0,330.0,100.249,362.0,,
170,172, 2018/05/01 17:05:00,964.63,964.5,964.1,28.9,34.3,23.4,66.6,12.916,52.0,44.0,49.0,39.0,36.0,40.0,48.0,38.0,60,60,60,60,28.4,21.6,27.5,15.8,170134,38.75433,-97.42191,368.7,1.0,10,0.8,40.89,86.7,A,10518.0,2018-05-01 17:05:00,637124.6537891007,4290697.168576623,346.0,346.0,100.249,379.0,369.0,0.14991119221411195
171,173, 2018/05/01 17:06:00,964.14,964.0,963.7,28.9,34.2,23.3,67.0,12.928,36.0,47.0,48.0,46.0,39.0,34.0,39.0,47.0,60,60,60,60,28.4,21.6,27.5,15.8,170234,38.75437,-97.41399,370.5,1.0,10,0.8,40.98,89.46,A,10518.0,2018-05-01 17:06:00,637812.8061299176,4290713.506428878,336.0,336.0,100.249,367.0,368.0,0.152061811505508
172,174, 2018/05/01 17:07:00,963.18,963.1,962.7,29.0,34.2,23.3,66.1,12.924,37.0,47.0,40.0,51.0,43.0,49.0,37.0,36.0,60,60,60,60,28.4,21.6,27.5,15.8,170334,38.75432,-97.40724,377.1,1.0,10,0.8,41.02,90.99,A,10518.0,2018-05-01 17:07:00,638399.4618843847,4290718.145737393,340.0,340.0,100.249,368.0,360.0,0.1702631917631918
173,175, 2018/05/01 17:08:00,962.29,962.4,962.1,29.0,34.1,23.5,65.2,12.925,43.0,35.0,43.0,36.0,36.0,31.0,45.0,51.0,60,60,60,60,28.4,21.6,27.5,15.8,170434,38.75424,-97.39935,385.6,1.0,10,0.8,41.43,92.42,A,10518.0,2018-05-01 17:08:00,639085.2406920851,4290721.231301496,320.0,320.0,100.249,344.0,340.0,0.22517651403249633
174,176, 2018/05/01 17:09:00,961.97,962.3,961.9,29.0,34.0,23.8,63.3,12.924,31.0,41.0,36.0,32.0,41.0,52.0,46.0,36.0,60,60,60,60,28.4,21.6,27.5,15.8,170534,38.75417,-97.39145,386.5,1.0,10,0.8,41.37,90.71,A,10518.0,2018-05-01 17:09:00,639771.8710805303,4290725.501044387,315.0,315.0,100.249,337.0,340.0,0.22517651403249633
175,177, 2018/05/01 17:10:00,962.22,961.9,961.5,29.0,34.0,23.5,65.4,12.922,26.0,45.0,33.0,36.0,40.0,33.0,32.0,52.0,60,60,60,60,28.4,21.6,27.6,15.8,170634,38.75424,-97.38351,391.7,1.0,10,0.8,41.97,88.49,A,10518.0,2018-05-01 17:10:00,640461.7048575633,4290745.428133212,297.0,297.0,100.249,319.0,342.0,0.21896579330422122
176,178, 2018/05/01 17:11:00,961.85,961.8,961.5,29.0,34.0,23.6,63.6,12.927,36.0,50.0,35.0,38.0,38.0,37.0,46.0,45.0,60,60,60,60,28.5,21.6,27.6,15.8,170734,38.75434,-97.37557,391.9,1.0,10,0.8,41.28,89.22,A,10518.0,2018-05-01 17:11:00,641151.4787717436,4290768.744431671,325.0,325.0,100.249,348.0,329.0,0.2629051446945338
177,179, 2018/05/01 17:12:00,960.45,959.9,959.7,29.1,33.9,23.7,64.5,12.917,38.0,37.0,39.0,32.0,41.0,39.0,37.0,38.0,60,60,60,60,28.5,21.6,27.6,15.8,170834,38.75187,-97.37192,408.8,1.0,10,0.8,41.04,179.56,A,10518.0,2018-05-01 17:12:00,641473.5335447169,4290500.270307868,301.0,301.0,100.249,319.0,336.0,0.23816514459665136
178,180, 2018/05/01 17:13:00,960.17,960.4,960.0,29.1,33.8,23.4,64.8,12.923,35.0,45.0,49.0,40.0,42.0,35.0,36.0,50.0,60,60,60,60,28.5,21.6,27.6,15.8,170934,38.74568,-97.37197,411.2,1.0,11,0.8,41.11,179.4,A,10518.0,2018-05-01 17:13:00,641481.4089447593,4289813.2510079285,332.0,332.0,100.249,351.0,348.0,0.20137308228730824
179,181, 2018/05/01 17:14:00,959.68,959.6,959.3,29.1,33.8,23.3,64.3,12.926,52.0,43.0,41.0,35.0,37.0,49.0,32.0,39.0,60,60,60,60,28.5,21.6,27.6,15.8,171034,38.73982,-97.37207,415.9,1.0,11,0.8,25.47,262.71,A,10518.0,2018-05-01 17:14:00,641484.284809099,4289162.777154,328.0,328.0,100.249,345.0,345.0,0.20998148148148144
180,182, 2018/05/01 17:15:00,961.14,961.1,960.8,29.2,33.8,23.5,64.3,12.924,35.0,39.0,46.0,32.0,55.0,37.0,52.0,47.0,60,60,60,60,28.5,21.6,27.6,15.8,171134,38.73978,-97.37643,399.9,1.0,11,0.8,0.0,259.63,A,10518.0,2018-05-01 17:15:00,641105.4113161908,4289151.607451513,343.0,343.0,100.249,365.0,345.0,0.20998148148148144
181,183, 2018/05/01 17:16:00,960.94,960.8,960.5,29.2,33.7,23.3,64.0,12.925,37.0,44.0,36.0,33.0,37.0,30.0,41.0,47.0,60,60,60,60,28.5,21.6,27.6,15.8,171234,38.73981,-97.37744,401.1,1.0,11,0.8,54.23,272.13,A,10518.0,2018-05-01 17:16:00,641017.567471159,4289153.380136542,305.0,305.0,100.249,324.0,340.0,0.22517651403249633
182,184, 2018/05/01 17:17:00,961.31,961.0,960.7,29.2,33.7,23.4,65.6,12.923,36.0,41.0,36.0,43.0,46.0,37.0,36.0,40.0,60,60,60,60,28.5,21.6,27.6,15.8,171334,38.73973,-97.38545,397.7,1.0,10,0.8,41.0,268.65,A,10518.0,2018-05-01 17:17:00,640321.530165262,4289132.191553649,315.0,315.0,100.249,336.0,,
183,185, 2018/05/01 17:18:00,961.06,960.9,960.5,29.2,33.7,23.2,67.7,12.926,52.0,40.0,50.0,33.0,41.0,45.0,44.0,51.0,60,60,60,60,28.5,21.6,27.6,15.8,171434,38.73972,-97.3932,399.0,1.0,10,0.8,39.71,272.32,A,10518.0,2018-05-01 17:18:00,639647.9536154101,4289119.22890523,356.0,356.0,100.249,380.0,,
184,186, 2018/05/01 17:19:00,961.21,961.3,961.0,29.2,33.8,22.9,69.4,12.925,49.0,37.0,31.0,44.0,36.0,45.0,46.0,45.0,60,60,60,60,28.5,21.6,27.6,15.8,171534,38.73975,-97.40102,393.4,1.0,10,0.8,40.26,272.08,A,10518.0,2018-05-01 17:19:00,638968.2158061437,4289110.6560710315,333.0,333.0,100.249,356.0,368.0,0.152061811505508
185,187, 2018/05/01 17:20:00,962.11,962.3,961.9,29.2,33.8,23.1,68.3,12.92,33.0,40.0,31.0,38.0,44.0,36.0,51.0,43.0,60,60,60,60,28.6,21.6,27.6,15.8,171634,38.73981,-97.40878,384.0,1.0,10,0.8,40.41,269.32,A,10518.0,2018-05-01 17:20:00,638293.6361801719,4289105.561256444,316.0,316.0,100.249,340.0,368.0,0.152061811505508
186,188, 2018/05/01 17:21:00,963.34,963.5,963.1,29.2,33.7,23.3,67.2,12.922,41.0,50.0,42.0,44.0,49.0,50.0,39.0,45.0,60,60,60,60,28.6,21.6,27.7,15.8,171734,38.73981,-97.41656,375.0,1.0,10,0.8,40.32,269.71,A,10518.0,2018-05-01 17:21:00,637617.4351197898,4289093.835054029,360.0,360.0,100.249,391.0,365.0,0.1586745635910224
187,189, 2018/05/01 17:22:00,964.14,964.3,963.8,29.3,33.7,23.5,67.8,12.924,34.0,40.0,38.0,35.0,36.0,48.0,35.0,42.0,60,60,60,60,28.6,21.6,27.7,15.8,171834,38.73978,-97.42429,369.6,1.0,10,0.8,40.5,269.69,A,10518.0,2018-05-01 17:22:00,636945.637685674,4289078.911912989,308.0,308.0,100.249,337.0,378.0,0.1316718569780854
188,190, 2018/05/01 17:23:00,964.17,964.2,963.8,29.3,33.7,23.5,68.1,12.92,38.0,40.0,51.0,37.0,40.0,35.0,46.0,42.0,60,60,60,60,28.6,21.6,27.7,15.8,171934,38.73973,-97.43124,368.0,1.0,10,0.8,40.23,271.28,A,10518.0,2018-05-01 17:23:00,636341.672131342,4289062.987630357,329.0,329.0,100.249,360.0,360.0,0.1702631917631918
189,191, 2018/05/01 17:24:00,964.19,963.9,963.6,29.3,33.7,23.5,68.9,12.926,40.0,44.0,37.0,35.0,54.0,46.0,32.0,39.0,60,60,60,60,28.6,21.6,27.7,15.8,172034,38.73975,-97.43898,369.9,1.0,10,0.8,40.39,269.89,A,10518.0,2018-05-01 17:24:00,635668.9106682127,4289053.706257675,327.0,327.0,100.249,358.0,358.0,0.17511016949152547
190,192, 2018/05/01 17:25:00,963.87,963.6,963.3,29.3,33.6,23.6,66.4,12.925,44.0,40.0,43.0,47.0,30.0,35.0,39.0,31.0,60,60,60,60,28.6,21.6,27.7,15.8,172134,38.73978,-97.44584,374.3,1.0,10,0.8,19.43,268.98,A,10518.0,2018-05-01 17:25:00,635072.6165210671,4289046.889807208,309.0,309.0,100.249,337.0,358.0,0.17511016949152547
191,193, 2018/05/01 17:26:00,962.76,962.7,962.4,29.3,33.6,24.0,62.7,12.921,46.0,60.0,34.0,42.0,41.0,37.0,43.0,42.0,60,60,60,60,28.6,21.6,27.7,15.8,172234,38.73979,-97.45335,382.9,1.0,10,0.8,40.8,268.3,A,10518.0,2018-05-01 17:26:00,634419.8660904884,4289036.943793636,345.0,345.0,100.249,372.0,357.0,0.1775813648293964
192,194, 2018/05/01 17:27:00,962.13,961.9,961.6,29.4,33.6,24.0,63.5,12.922,48.0,28.0,39.0,41.0,52.0,45.0,46.0,34.0,60,60,60,60,28.6,21.6,27.7,15.8,172334,38.73982,-97.46107,388.2,1.0,11,0.8,40.84,270.28,A,10518.0,2018-05-01 17:27:00,633748.8269087186,4289028.963983177,333.0,333.0,100.249,357.0,360.0,0.1702631917631918
193,195, 2018/05/01 17:28:00,960.9,960.8,960.5,29.4,33.5,23.6,65.7,12.923,46.0,56.0,38.0,50.0,37.0,43.0,36.0,50.0,60,60,60,60,28.6,21.6,27.7,15.8,172434,38.73643,-97.4644,386.5,1.0,11,0.8,41.02,180.54,A,10518.0,2018-05-01 17:28:00,633465.7114304412,4288647.898690088,356.0,356.0,100.249,379.0,360.0,0.1702631917631918
194,196, 2018/05/01 17:29:00,961.91,961.5,961.4,29.4,33.6,23.4,66.7,12.923,40.0,44.0,36.0,42.0,46.0,55.0,47.0,46.0,60,60,60,60,28.7,21.6,27.7,15.8,172534,38.73035,-97.46446,383.1,1.0,12,0.7,41.26,180.18,A,10518.0,2018-05-01 17:29:00,633471.8133981689,4287973.0848112125,356.0,356.0,100.249,382.0,366.0,0.15644299876084267
195,197, 2018/05/01 17:30:00,962.32,961.8,961.4,29.4,33.6,23.5,66.8,12.923,41.0,55.0,45.0,46.0,39.0,46.0,54.0,58.0,60,60,60,60,28.7,21.6,27.8,15.8,172634,38.72524,-97.46345,380.9,1.0,11,0.8,40.82,91.47,A,10518.0,2018-05-01 17:30:00,633569.1256474769,4287407.47732525,384.0,384.0,100.249,413.0,,
196,198, 2018/05/01 17:31:00,962.47,962.6,962.2,29.4,33.6,23.7,65.4,12.922,47.0,38.0,31.0,36.0,52.0,33.0,40.0,53.0,60,60,60,60,28.7,21.6,27.8,15.8,172734,38.72524,-97.45563,383.4,1.0,12,0.7,41.17,90.02,A,10518.0,2018-05-01 17:31:00,634248.938197182,4287418.9142618505,330.0,,100.27,,,
197,199, 2018/05/01 17:32:00,963.49,963.4,963.2,29.4,33.7,23.9,64.9,12.925,38.0,50.0,43.0,47.0,57.0,29.0,35.0,46.0,60,60,60,60,28.7,21.6,27.7,15.8,172834,38.72526,-97.44783,379.3,1.0,12,0.7,41.15,89.67,A,10518.0,2018-05-01 17:32:00,634926.9750186325,4287432.599317176,345.0,,100.27,,,
198,200, 2018/05/01 17:33:00,964.23,964.4,963.9,29.4,33.7,23.7,67.3,12.918,41.0,38.0,52.0,36.0,44.0,38.0,44.0,43.0,60,60,60,60,28.7,21.6,27.8,15.8,172934,38.72528,-97.44189,371.2,1.0,12,0.7,40.71,89.11,A,10518.0,2018-05-01 17:33:00,635443.3172444428,4287443.589048981,336.0,,100.27,,,
199,201, 2018/05/01 17:34:00,964.18,964.3,964.1,29.5,33.7,23.3,68.1,12.92,49.0,40.0,41.0,43.0,30.0,39.0,49.0,43.0,60,60,60,60,28.7,21.6,27.8,15.8,173034,38.72526,-97.43415,371.5,1.0,11,0.8,40.52,89.73,A,10518.0,2018-05-01 17:34:00,636116.2142721631,4287452.847730289,334.0,,100.27,,,
