4/10/2020 9:47,983.8,29,9.6,-7.4,14.4,848,716,742
4/10/2020 10:47,982.3,25,10.9,-7.9,14.3,436,7200,796
4/10/2020 11:17,980.8,25,11.5,-7.4,13.7,389,396,354
4/10/2020 12:17,979.5,22,13.6,-7.3,13.9,820,786,714
4/10/2020 13:17,977.2,23,14.5,-6,13.7,844,707,734
4/10/2020 14:17,975.4,23,14.9,-5.7,13.7,841,799,823
4/10/2020 15:17,973.8,23,16.1,-4.7,13.4,842,821,774
4/10/2020 16:17,973.4,25,15.7,-3.7,13.1,880,831,792
4/10/2020 17:17,972.4,27,16.4,-2.4,13,884,835,769
4/10/2020 18:18,972,38,11.4,-2.2,13,862,775,738
4/10/2020 19:18,972.5,35,12.1,-2.5,12.9,926,762,764
4/10/2020 20:18,972.1,36,11.5,-2.7,12.8,829,820,750
4/10/2020 21:18,971.3,37,11,-2.8,12.8,882,809,762
4/10/2020 22:18,970.9,38,10.9,-2.7,12.7,895,804,782
4/10/2020 23:18,970.5,38,11.6,-2.2,12.7,854,824,770
4/11/2020 0:18,969.7,37,12.3,-1.7,12.6,871,833,780
4/11/2020 1:18,969,41,12.1,-0.5,12.6,885,780,796
4/11/2020 2:18,968.1,46,11.1,0,12.6,863,787,821
4/11/2020 3:18,967.5,49,10.9,0.8,12.6,895,795,747
4/11/2020 4:18,967.1,54,10.5,1.7,12.6,856,798,860
4/11/2020 5:18,967,53,12,2.8,13.3,862,801,757
4/11/2020 6:18,966.7,50,15.4,5.1,13.7,898,836,796
4/11/2020 7:18,966.2,49,18.5,7.6,13.7,909,820,807
4/11/2020 8:18,966.1,48,19.6,8.5,13.8,849,814,847
4/11/2020 9:18,965.4,44,22,9.4,13.8,856,785,838
4/11/2020 10:18,964.6,44,23.3,10.7,13.8,901,848,736
4/11/2020 11:18,963.4,40,24.5,10.1,13.8,920,789,821
4/11/2020 12:18,962.4,38,26.1,10.7,13.8,847,816,819
4/11/2020 13:18,961.4,35,27.4,10.8,13.8,898,804,834
4/11/2020 14:18,960.6,34,27.9,10.7,13.7,961,856,801
4/11/2020 15:18,959.7,35,28.3,11.6,13.3,889,878,866
4/11/2020 16:18,959.1,29,27.3,7.9,13.1,917,845,857
4/11/2020 17:18,958.6,44,22.1,9.5,13,960,858,883
4/11/2020 18:18,960.3,56,21.4,12.4,13,905,871,849
4/11/2020 19:18,961,67,20.5,14.3,12.9,912,1064,807
4/11/2020 20:18,960.1,73,19,14.2,12.9,906,916,833
4/11/2020 21:18,960.4,77,17.9,13.8,12.8,811,895,699
4/11/2020 22:18,961.9,78,17.5,13.7,12.8,888,861,797
4/11/2020 23:18,961.5,78,17.8,14,12.7,946,852,849
4/12/2020 0:18,961,84,16.9,14.2,12.7,897,870,802
4/12/2020 1:18,960.9,87,15.8,13.7,12.7,914,869,794
4/12/2020 2:18,960.3,88,15.3,13.5,12.6,876,818,849
4/12/2020 3:19,960.8,88,15.6,13.7,12.6,921,886,828
4/12/2020 4:19,960.7,86,15.3,13.1,12.6,906,856,783
4/12/2020 5:19,961.1,84,15.5,13,12.6,919,844,792
4/12/2020 6:19,961.5,83,15.4,12.5,12.6,918,849,793
4/12/2020 7:19,963.5,95,5.7,4.9,12.6,887,826,818
4/12/2020 8:19,964.5,94,4.2,3.4,12.6,881,850,799
4/12/2020 9:19,965.6,94,3.3,2.6,12.7,929,826,783
4/12/2020 10:19,967.2,92,2.7,1.7,12.9,846,823,830
4/12/2020 11:19,968.9,88,2.2,0.4,12.8,856,816,791
4/12/2020 12:19,969.5,90,1.9,0.5,13,857,830,871
4/12/2020 13:19,970.8,86,1.4,-0.6,12.6,866,790,1394
4/12/2020 14:19,971.9,81,1.3,-1.4,12.5,796,799,802
4/12/2020 15:19,973.3,79,1.1,-2,12.5,937,767,773
4/12/2020 16:19,974.2,73,1.3,-2.8,12.5,865,791,737
4/12/2020 17:19,974.9,70,1.2,-3.6,12.4,858,770,736
4/12/2020 18:19,977.1,69,1,-3.9,12.4,829,742,734
4/12/2020 19:19,978,70,1.1,-3.5,12.4,825,764,807
4/12/2020 20:19,978.9,63,1,-5.1,12.4,839,737,770
4/12/2020 21:19,980.1,62,0,-5.6,12.4,830,741,707
4/12/2020 22:19,981.2,63,-0.4,-5.7,12.4,834,867,753
4/12/2020 23:19,982,73,-1.9,-5.5,12.4,823,934,735
4/13/2020 0:19,982.5,81,-2.6,-5,12.3,849,1120,666
4/13/2020 1:19,983.2,82,-3.4,-5.6,12.3,835,1214,736
4/13/2020 2:19,984.1,82,-3.6,-5.9,12.3,811,1168,761
4/13/2020 3:19,984.7,84,-4.3,-6.2,12.3,750,1110,736
4/13/2020 4:19,985.2,83,-4.5,-6.5,12.3,809,1089,715
4/13/2020 5:19,986.2,79,-3.3,-6,13.7,800,1051,705
4/13/2020 6:19,986.8,67,-0.9,-5.6,13.8,786,739,706
4/13/2020 7:19,987,50,1.5,-7.7,13.8,777,744,710
4/13/2020 8:19,987.4,37,3.2,-9.8,13.8,766,679,678
4/13/2020 9:19,987.3,34,4.7,-9.5,13.8,793,696,662
4/13/2020 10:19,986.8,28,5.6,-11.3,13.8,777,702,741
4/13/2020 11:19,986.5,26,7.4,-10.7,13.8,792,739,724
4/13/2020 12:19,985.9,23,7.3,-12.1,13.8,781,751,751
4/13/2020 13:19,985.2,20,8.6,-12.8,13.8,851,757,666
4/13/2020 14:19,984.8,20,8.1,-13.4,13.7,783,749,713
4/13/2020 15:19,984.6,22,7.4,-12.5,13.6,838,771,713
4/13/2020 16:19,984.5,19,6.9,-14.6,13.2,784,722,719
4/13/2020 17:19,984.5,21,5.4,-15.1,13,781,729,742
4/13/2020 18:20,986.1,26,3.4,-14,12.9,763,714,770
4/13/2020 19:20,987.1,33,1.6,-12.7,12.9,803,671,734
4/13/2020 20:20,987.7,28,2.9,-13.4,12.8,731,729,690
4/13/2020 21:20,988.1,34,2.1,-12,12.8,833,759,696
4/13/2020 22:20,988.1,48,1.1,-8.5,12.8,798,715,687
4/13/2020 23:20,987.9,59,-0.6,-6.8,12.7,781,842,722
4/14/2020 0:20,987.7,64,-1.4,-6.6,12.7,745,989,686
4/14/2020 1:20,987.7,66,-2.3,-7.1,12.7,792,1060,673
4/14/2020 2:20,987.8,56,-1.4,-8.1,12.6,779,1023,706
4/14/2020 3:20,987.8,63,-1.3,-6.6,12.6,833,860,703
4/14/2020 4:20,988.2,61,-1.3,-7,12.6,801,732,713
4/14/2020 5:20,989,54,0,-8,13.2,827,712,716
4/14/2020 6:20,989.3,41,3,-8.8,13.8,823,696,707
4/14/2020 7:20,988.7,27,5.8,-11.4,13.8,746,731,698
4/14/2020 8:20,988.6,25,7.8,-10.5,13.9,792,702,703
4/14/2020 9:20,987.9,21,8.2,-12.3,13.9,786,765,699
4/14/2020 10:20,986.3,19,9.4,-12.5,13.9,747,737,726
4/14/2020 11:20,985.2,18,10.3,-12.9,13.9,836,692,710
4/14/2020 12:20,984.1,18,10.9,-12.1,13.9,782,777,710
4/14/2020 13:20,982.3,19,10.6,-11.5,13.8,831,805,753
4/14/2020 14:20,981.1,19,11.3,-10.8,13.7,858,731,717
4/14/2020 15:20,980.6,23,10.3,-9.5,13.4,859,747,731
4/14/2020 16:20,980,26,10.3,-8.3,13.1,829,782,741
4/14/2020 17:20,979.3,23,9.1,-10.5,13,855,776,736
4/14/2020 18:20,979,34,5.9,-8.3,12.9,863,769,709
4/14/2020 19:20,979.1,37,6.1,-7.2,12.9,841,726,733
4/14/2020 20:20,978.9,41,5.5,-6.6,12.8,821,762,758
4/14/2020 21:20,978.6,40,6.7,-5.8,12.8,893,793,715
4/14/2020 22:20,979.2,45,5.5,-5.2,12.8,826,818,777
4/14/2020 23:20,979.5,55,2.2,-5.7,12.7,878,750,743
4/15/2020 0:20,979.5,58,0.5,-6.5,12.7,802,793,761
4/15/2020 1:20,980.3,73,-1.5,-5.1,12.6,875,797,740
4/15/2020 2:20,980.4,83,-2.5,-4.6,12.6,822,793,680
4/15/2020 3:20,981,86,-3.3,-5,12.6,847,854,754
4/15/2020 4:20,982,90,-3.5,-4.7,12.6,796,925,725
4/15/2020 5:20,982.8,70,1,-3.6,13.7,820,876,778
4/15/2020 6:20,983.1,58,4,-3.5,13.8,841,758,768
4/15/2020 7:21,983.2,36,5.7,-8,13.8,740,695,760
4/15/2020 8:21,983,29,7.1,-9.5,13.9,804,674,776
4/15/2020 9:21,982.8,24,9.5,-10,13.9,806,805,713
4/15/2020 10:21,981.9,27,11.2,-7,13.8,857,748,754
4/15/2020 11:21,981,23,11.7,-8.3,13.8,818,784,728
4/15/2020 12:21,980.4,22,13.4,-7.4,13.8,837,718,770
4/15/2020 13:21,979.4,23,14.4,-6,13.8,787,717,708
4/15/2020 14:21,978.9,22,14.7,-6.2,13.7,867,723,789
4/15/2020 15:21,979.1,24,13.8,-6.3,13.4,863,808,746
4/15/2020 16:21,979,24,12.8,-6.7,13.1,822,767,773
4/15/2020 17:21,978.6,29,10.8,-6.4,13,852,749,770
4/15/2020 18:21,978.9,32,9.6,-6.2,12.9,796,735,703
4/15/2020 19:21,979.4,37,8.3,-5.2,12.9,872,762,728
4/15/2020 20:21,979.6,41,7.6,-4.6,12.8,807,751,774
4/15/2020 21:21,980.2,43,7.7,-3.8,12.8,859,813,731
4/15/2020 22:21,980.5,45,7.7,-3.4,12.7,803,758,762
4/15/2020 23:21,981.7,48,7.9,-2.2,12.7,819,774,710
4/16/2020 0:21,981,50,6.9,-2.5,12.7,758,719,740
4/16/2020 1:21,981.1,49,7,-2.8,12.6,783,710,773
4/16/2020 2:21,980.9,51,6.5,-2.7,12.6,800,758,756
4/16/2020 3:21,980.9,54,5.6,-2.8,12.6,812,739,722
4/16/2020 4:21,981.5,55,5.4,-2.8,12.5,756,754,751
4/16/2020 5:21,982.3,53,5.9,-2.7,12.6,764,739,719
4/16/2020 6:21,982.3,50,6.9,-2.7,12.9,851,715,670
4/16/2020 7:21,981.7,46,8.6,-2.1,13.7,789,721,746
4/16/2020 8:21,981.1,44,8.9,-2.4,13.2,731,715,722
4/16/2020 9:21,980.5,76,6.3,2.5,12.9,802,716,709
4/16/2020 10:21,978.6,89,5.3,3.6,13.2,767,716,722
4/16/2020 11:22,978.4,87,5.9,3.9,12.9,840,752,682
4/16/2020 12:22,978,87,5.6,3.7,12.9,819,747,695
4/16/2020 13:22,977.2,88,5.1,3.4,12.8,838,779,740
4/16/2020 14:22,976.6,91,4.6,3.3,12.8,822,769,732
4/16/2020 15:22,976.1,91,4.2,2.9,12.7,811,773,773
4/16/2020 16:22,976.7,92,3.7,2.6,12.6,782,728,722
4/16/2020 17:22,977.3,91,2.9,1.6,12.5,803,776,706
4/16/2020 18:22,977.1,92,3,1.9,12.5,775,727,713
4/16/2020 19:22,979.9,95,2.7,2.1,12.5,771,707,734
4/16/2020 20:22,979.9,94,1.5,0.8,12.5,780,707,838
4/16/2020 21:22,980.6,95,1.1,0.5,12.4,721,688,673
4/16/2020 22:22,981,94,0.5,-0.2,12.4,742,719,708
4/16/2020 23:22,980.4,97,0.5,0.1,12.4,767,690,614
4/17/2020 0:22,981,95,0.6,0,12.4,752,712,658
4/17/2020 1:22,981.8,93,0.9,0,12.4,749,754,640
4/17/2020 2:22,981.9,94,0.8,0,12.4,733,696,651
4/17/2020 3:22,982.4,92,0.6,-0.3,12.3,789,666,646
4/17/2020 4:22,982.7,92,0.5,-0.5,12.3,736,678,648
4/17/2020 5:22,984.2,91,0.9,-0.4,12.4,768,690,686
4/17/2020 6:22,985,88,1.2,-0.5,12.5,694,663,673
4/17/2020 7:22,985.3,88,2,0.2,13,740,668,653
4/17/2020 8:22,986,82,2.9,0.2,13.6,706,693,677
4/17/2020 9:22,986.1,77,3.4,-0.1,13.8,735,654,621
4/17/2020 10:22,985.3,69,5.2,0,13.7,410,708,607
4/17/2020 11:22,985,60,6.7,-0.3,13.8,271,726,680
4/17/2020 12:22,984.2,59,7.9,0.5,13.7,50,719,691
4/17/2020 13:22,983.5,50,9.1,-0.5,13.7,158,687,685
4/17/2020 14:22,982.9,41,9.1,-3.1,13.6,730,676,680
4/17/2020 15:22,983.1,43,10.1,-1.8,13.2,727,725,657
4/17/2020 16:22,982.6,42,9.9,-2.2,13,742,713,686
4/17/2020 17:22,981.8,70,6,1.1,12.9,757,755,688
4/17/2020 18:22,981.4,87,2.7,0.8,12.8,778,692,713
4/17/2020 19:22,981.4,80,3,0.1,12.8,789,671,701
4/17/2020 20:22,981,73,3.5,-0.6,12.7,785,683,666
4/17/2020 21:22,980.4,74,4,-0.1,12.7,761,654,616
4/17/2020 22:22,980,74,4,0,12.7,788,737,681
4/17/2020 23:22,979.5,78,3.8,0.3,12.6,798,687,666
4/18/2020 0:22,978.9,80,3.5,0.4,12.6,687,714,684
4/18/2020 1:22,979,81,3.3,0.4,12.6,737,733,673
4/18/2020 2:22,979,81,3.4,0.5,12.5,817,708,629
4/18/2020 3:22,978.5,82,3.1,0.4,12.5,767,688,703
4/18/2020 4:23,978.4,84,3,0.6,12.5,768,671,701
4/18/2020 5:23,978.7,78,4.8,1.5,13.6,749,749,666
4/18/2020 6:23,978.1,70,7.8,2.7,13.8,763,659,671
4/18/2020 7:23,977.5,59,10.6,3.1,13.8,784,732,722
4/18/2020 8:23,977.3,53,13.4,4.2,13.8,802,720,704
4/18/2020 9:23,976.7,52,15.6,5.9,13.8,724,756,705
4/18/2020 10:23,975.6,42,17.1,4.3,13.8,774,690,714
4/18/2020 11:23,974,36,18.4,3.4,13.8,832,788,677
4/18/2020 12:23,972.9,36,18.1,2.8,13.7,734,736,695
4/18/2020 13:23,971.7,32,19.4,2.6,13.8,830,812,759
4/18/2020 14:23,970.4,34,19,2.8,13.6,854,764,741
4/18/2020 15:23,970.4,32,18.5,1.8,13.2,817,748,752
4/18/2020 16:23,970.1,34,17.8,1.8,13,830,791,743
4/18/2020 17:23,969.5,45,14.2,2.5,13,849,764,749
4/18/2020 18:23,969.5,66,10.1,4.1,12.9,831,779,725
4/18/2020 19:23,970,58,11.5,3.6,12.8,846,754,713
4/18/2020 20:23,969.8,56,11.7,3.4,12.8,816,780,790
4/18/2020 21:23,969.5,56,11.5,3.2,12.8,861,783,780
4/18/2020 22:23,969.4,53,12,2.8,12.7,825,763,755
4/18/2020 23:23,969.1,53,11.6,2.5,12.7,888,756,684
4/19/2020 0:23,968.6,57,11.4,3.4,12.7,850,768,735
4/19/2020 1:23,969,76,10.6,6.6,12.6,790,747,741
4/19/2020 2:23,969.7,88,9.9,8,12.6,784,765,706
4/19/2020 3:23,969.7,95,9.2,8.5,12.6,834,721,709
4/19/2020 4:23,970,95,8.5,7.8,12.5,821,773,709
4/19/2020 5:23,971.5,96,9.5,9,12.6,760,727,719
4/19/2020 6:23,972.2,94,10.2,9.4,12.5,838,723,696
4/19/2020 7:23,972.8,83,11.2,8.5,12.6,783,766,702
4/19/2020 8:23,973.4,72,11.8,6.9,12.9,774,750,691
4/19/2020 9:23,973.6,66,15,8.7,13.8,774,694,663
4/19/2020 10:23,972.7,50,17.1,6.6,13.8,788,747,707
4/19/2020 11:23,971.7,42,18.8,5.9,13.8,841,734,677
4/19/2020 12:23,971.3,38,19.7,5.3,13.8,843,728,772
4/19/2020 13:23,970.8,36,20,4.7,13.7,783,715,740
4/19/2020 14:23,970.5,35,20.2,4.6,13.7,843,755,738
4/19/2020 15:24,970.6,35,19.8,3.9,13.1,849,771,748
4/19/2020 16:24,971,34,19,3.1,13,790,764,729
4/19/2020 17:24,971.1,41,16.5,3.5,12.9,812,755,756
4/19/2020 18:24,972,61,12.5,5.2,12.9,862,726,713
4/19/2020 19:24,973,87,7.5,5.6,12.8,816,711,730
4/19/2020 20:24,973.5,73,9.8,5.3,12.8,773,757,705
4/19/2020 21:24,973,74,9.1,4.8,12.7,805,775,722
4/19/2020 22:24,972.7,62,10.3,3.5,12.7,818,754,727
4/19/2020 23:24,972.2,64,9.6,3.2,12.6,795,738,692
4/20/2020 0:24,971.9,58,11.3,3.5,12.6,802,743,745
4/20/2020 1:24,973.4,72,11.3,6.5,12.6,827,769,666
4/20/2020 2:24,973.3,89,9.5,7.8,12.5,853,789,729
4/20/2020 3:24,972.2,94,9.3,8.5,12.5,771,758,691
4/20/2020 4:24,971.8,92,9,7.9,12.5,777,836,698
4/20/2020 5:24,972.6,84,11.2,8.7,13.4,766,776,665
4/20/2020 6:24,973.5,83,12.4,9.6,13.7,788,739,718
4/20/2020 7:24,973.4,65,15.2,8.7,13.8,739,716,676
4/20/2020 8:24,973.4,65,17.2,10.6,13.8,772,733,684
4/20/2020 9:24,973.5,56,17.8,9.1,13.8,768,695,708
4/20/2020 10:24,973,56,18.4,9.6,13.8,764,681,703
4/20/2020 11:24,972.6,46,19.8,8,13.8,779,676,692
4/20/2020 12:24,971.8,41,19.8,6.4,13.6,756,735,637
4/20/2020 13:24,971.7,30,21.3,3.4,13.8,812,755,702
4/20/2020 14:24,971.5,30,21.7,3.5,13.7,775,751,726
4/20/2020 15:24,971.2,27,21,1.5,13.2,833,765,735
4/20/2020 16:24,971.4,27,21.2,1.5,13,854,756,696
4/20/2020 17:24,971.3,35,17.9,2.3,12.9,821,683,686
4/20/2020 18:24,972.2,78,10.2,6.6,12.9,830,749,714
4/20/2020 19:24,973.2,81,8.7,5.7,12.8,781,690,678
4/20/2020 20:24,973.9,86,7.2,5.2,12.8,789,720,687
4/20/2020 21:24,974.6,90,6.2,4.7,12.7,823,711,709
4/20/2020 22:24,975.4,90,5.6,4.2,12.7,791,708,696
4/20/2020 23:24,975.8,94,4.6,3.9,12.6,837,726,716
4/21/2020 0:24,975.6,94,4,3.2,12.6,808,685,648
4/21/2020 1:24,976.1,96,3.5,3,12.6,771,723,709
4/21/2020 2:24,976.7,97,2.8,2.5,12.5,841,675,710
4/21/2020 3:24,977.3,96,2.6,2,12.5,784,739,688
4/21/2020 4:24,978.6,98,2.2,2.1,12.6,789,735,709
4/21/2020 5:24,979.6,85,7.9,5.7,13.7,806,727,673
4/21/2020 6:24,979.8,53,11.4,2.3,13.8,794,653,693
4/21/2020 7:24,979.8,43,15.6,3.2,13.8,753,745,671
4/21/2020 8:24,979.8,40,17.1,3.4,13.8,740,651,670
4/21/2020 9:24,979.7,35,20.5,4.9,13.8,744,720,656
4/21/2020 10:24,979.3,26,22,2,13.8,805,743,644
4/21/2020 11:24,978.3,27,22.3,2.8,13.8,747,692,704
4/21/2020 12:24,977.8,33,23.8,6.7,13.8,805,766,669
4/21/2020 13:24,976.9,26,24.1,3.5,13.8,754,732,698
4/21/2020 14:24,976.1,30,24,5.5,13.7,743,736,714
4/21/2020 15:25,975.5,32,23.6,6.2,13.2,768,722,744
4/21/2020 16:25,975.1,32,22.3,4.8,13,749,743,724
4/21/2020 17:25,974.1,39,19.2,5.1,12.9,804,682,700
4/21/2020 18:25,974.3,45,16.8,5.1,12.9,737,702,736
4/21/2020 19:25,974.9,47,15.9,4.9,12.8,812,736,727
4/21/2020 20:25,975.1,46,15.9,4.5,12.8,846,721,682
4/21/2020 21:25,974.7,50,15.3,5,12.7,802,751,743
4/21/2020 22:25,974.5,49,15.5,4.9,12.7,795,710,706
4/21/2020 23:25,974.7,47,15.8,4.7,12.7,793,695,733
4/22/2020 0:25,974,51,15.2,5.2,12.6,793,665,733
4/22/2020 1:25,974,46,16.4,4.8,12.6,807,709,688
4/22/2020 2:25,972.8,50,15.8,5.5,12.6,769,709,705
4/22/2020 3:25,972.3,76,12.7,8.7,12.5,745,719,715
4/22/2020 4:25,971.5,77,12.4,8.5,12.5,793,753,710
4/22/2020 5:25,972.3,85,12.6,10.2,12.5,817,714,705
4/22/2020 6:25,971.6,63,14.9,7.9,12.6,796,747,702
4/22/2020 7:25,971.6,65,15.9,9.5,12.7,781,739,740
4/22/2020 8:25,971,64,16.2,9.6,12.9,819,729,636
4/22/2020 9:25,969.4,70,16.4,11,13,773,733,694
4/22/2020 10:25,970.2,75,16.5,12.1,12.8,820,724,715
4/22/2020 11:25,969.5,94,14.4,13.4,12.7,782,702,686
4/22/2020 12:25,969.3,92,15.2,13.9,12.8,784,654,692
4/22/2020 13:25,968.9,94,15,14.1,12.7,725,731,688
4/22/2020 14:25,968.3,94,15.1,14.3,13,793,731,710
4/22/2020 15:25,968.1,92,15.6,14.3,12.8,818,691,695
4/22/2020 16:25,967.9,94,15.1,14.3,12.7,776,741,704
4/22/2020 17:25,967.5,96,14.4,13.8,12.5,757,714,717
4/22/2020 18:25,967.4,96,14,13.4,12.5,735,729,692
4/22/2020 19:26,968.2,98,13.1,12.8,12.5,746,693,638
4/22/2020 20:26,968.4,96,13.2,12.7,12.4,784,695,698
4/22/2020 21:26,968.7,94,13.3,12.4,12.4,831,742,741
4/22/2020 22:26,968.6,96,13,12.4,12.4,773,737,736
4/22/2020 23:26,968.2,96,12.9,12.4,12.4,783,710,709
4/23/2020 0:26,967.9,97,12.9,12.5,12.4,791,716,730
4/23/2020 1:26,967.4,99,12.8,12.6,12.4,729,703,678
4/23/2020 2:26,967.2,100,12,12,12.4,796,683,726
4/23/2020 3:26,967.3,99,12.5,12.4,12.4,767,707,686
4/23/2020 4:26,967.7,100,12.1,12.1,12.4,772,748,741
4/23/2020 5:26,968.2,100,12,12,12.4,783,724,684
4/23/2020 6:26,968.4,95,13,12.2,13,738,715,718
4/23/2020 7:26,968.6,87,15.2,13.2,13.6,812,704,755
4/23/2020 8:26,968.6,75,18.6,14.1,13.7,783,781,704
4/23/2020 9:26,968.3,59,20.6,12.5,13.7,757,752,682
4/23/2020 10:26,967.8,47,23.4,11.5,13.8,776,728,697
4/23/2020 11:26,967,37,25.2,9.8,13.8,818,776,727
4/23/2020 12:26,966.3,28,25.6,5.8,13.8,799,770,742
4/23/2020 13:26,965.8,25,26.1,4.8,13.8,841,795,778
4/23/2020 14:26,965,27,25.5,5.4,13.6,803,795,773
4/23/2020 15:26,965.5,30,25.7,7.3,13.3,806,797,767
4/23/2020 16:26,965.6,45,22.2,9.9,13,782,733,764
4/23/2020 17:26,965.6,57,19,10.5,13,799,771,710
4/23/2020 18:26,965.9,80,15.4,12.1,12.9,805,757,707
4/23/2020 19:26,966.6,69,16.2,10.6,12.9,831,806,745
4/23/2020 20:26,966.3,65,17,10.4,12.8,810,773,736
4/23/2020 21:26,967.1,51,18.6,8.4,12.8,800,730,732
4/23/2020 22:26,967.6,62,15.9,8.8,12.7,774,710,707
4/23/2020 23:26,967.4,71,14.4,9.3,12.7,829,782,733
4/24/2020 0:26,967.6,72,15,10,12.7,738,802,692
4/24/2020 1:26,968,81,13.7,10.5,12.6,792,735,677
4/24/2020 2:26,968.1,87,12.4,10.4,12.6,758,710,726
4/24/2020 3:26,967.9,94,10.3,9.4,12.6,791,772,762
4/24/2020 4:26,968.3,97,9.8,9.4,12.6,826,740,723
4/24/2020 5:26,969.5,92,13.3,12.1,13.4,823,734,668
4/24/2020 6:26,969.4,82,16.3,13.3,13.6,802,793,696
4/24/2020 7:26,969.3,71,18.1,12.9,13.3,810,678,719
4/24/2020 8:26,970,84,16.2,13.5,13.1,775,757,724
4/24/2020 9:26,970.2,89,15,13.2,12.9,788,682,669
4/24/2020 10:26,969.5,96,14.3,13.8,12.8,783,776,757
4/24/2020 11:26,969,97,14.2,13.8,12.8,737,691,682
4/24/2020 12:26,969.2,98,12.7,12.5,12.7,758,660,695
4/24/2020 13:26,969.9,96,12.2,11.7,12.7,721,680,616
4/24/2020 14:26,969.7,94,12.4,11.5,13,759,694,631
4/24/2020 15:27,970.5,94,12.4,11.4,12.7,777,688,635
4/24/2020 16:27,971.4,91,12.5,11.2,12.6,751,676,651
4/24/2020 17:27,971.8,91,12.2,10.9,12.5,723,644,711
4/24/2020 18:27,972.9,91,12.2,10.8,12.5,711,702,641
4/24/2020 19:27,974.4,92,11.9,10.7,12.5,732,685,629
4/24/2020 20:27,974.9,89,11.6,9.9,12.5,782,693,675
4/24/2020 21:27,974.9,92,10.7,9.6,12.5,762,648,663
4/24/2020 22:27,975.4,96,9.3,8.8,12.4,733,644,653
4/24/2020 23:27,975.7,100,8.3,8.3,12.4,731,681,645
4/25/2020 0:27,975.6,100,8.9,8.9,12.4,705,679,695
4/25/2020 1:27,975.6,100,8.3,8.3,12.4,739,694,675
4/25/2020 2:27,976,100,7.2,7.2,12.4,770,701,712
4/25/2020 3:27,976.4,96,7.6,7.2,12.3,751,730,654
4/25/2020 4:27,977.5,95,7.8,7.2,12.5,768,671,672
4/25/2020 5:27,978.5,90,10,8.5,13.5,695,668,655
4/25/2020 6:27,979.3,83,12.3,9.6,13.7,726,643,637
4/25/2020 7:27,979.5,75,14.6,10.2,13.7,706,640,664
4/25/2020 8:27,980,71,17.1,11.8,13.8,746,668,658
4/25/2020 9:27,980.1,58,18.5,10.2,13.8,716,613,583
4/25/2020 10:27,979.9,49,19.6,8.7,13.8,722,611,647
4/25/2020 11:27,979.8,52,19.5,9.5,13.8,749,666,657
4/25/2020 12:27,979.6,67,17.2,11.2,13.8,732,707,643
4/25/2020 13:27,978.9,42,20.3,7.1,13.8,718,622,645
4/25/2020 14:27,978.9,45,19.6,7.6,13.7,781,651,641
4/25/2020 15:27,979.1,53,18.5,8.7,13.2,753,689,666
4/25/2020 16:27,978.7,55,17.3,8.4,13,748,699,604
4/25/2020 17:27,978.8,61,15.6,8.2,12.9,739,665,619
4/25/2020 18:27,979.9,72,13.2,8.4,12.9,759,666,640
4/25/2020 19:27,980.5,89,10.4,8.7,12.8,718,676,667
4/25/2020 20:27,980.9,92,9.2,8.1,12.8,744,656,595
4/25/2020 21:27,981.1,97,8.6,8.2,12.7,711,631,618
4/25/2020 22:27,981.5,95,7.5,6.9,12.7,686,666,620
4/25/2020 23:27,981.7,98,6.4,6.2,12.6,733,649,645
4/26/2020 0:27,981.2,100,5.9,5.9,12.6,734,692,635
4/26/2020 1:27,981.5,100,5.1,5.1,12.6,721,633,646
4/26/2020 2:27,981.7,100,4.4,4.4,12.5,694,671,671
4/26/2020 3:27,981.9,100,3.6,3.6,12.5,778,629,673
4/26/2020 4:27,982.6,100,4.1,4.1,12.8,756,671,621
4/26/2020 5:27,983.3,97,9,8.7,13.6,715,658,612
4/26/2020 6:27,983.6,83,12.4,9.7,13.8,708,640,618
4/26/2020 7:27,983.4,68,16.2,10.4,13.8,717,631,653
4/26/2020 8:28,983.2,44,19.3,6.8,13.8,729,574,650
4/26/2020 9:28,982.9,39,21.5,7.2,13.8,717,643,645
4/26/2020 10:28,981.9,30,21.3,3.3,13.7,737,699,653
4/26/2020 11:28,981.2,39,21.7,7.4,13.8,752,662,685
4/26/2020 12:28,980.6,35,21.6,5.5,13.8,884,684,705
4/26/2020 13:28,979.5,38,21.5,6.7,13.8,793,660,694
4/26/2020 14:28,978.8,36,21.5,5.8,13.6,794,703,661
4/26/2020 15:28,978.8,35,21,5,13.5,873,760,729
4/26/2020 16:28,978.5,40,20.4,6.5,13.1,740,719,667
4/26/2020 17:28,977.7,50,18.3,7.8,12.9,814,643,637
4/26/2020 18:28,977.9,58,16.7,8.4,12.9,713,709,662
4/26/2020 19:28,978,60,15.7,8.2,12.8,712,670,662
4/26/2020 20:28,977.8,65,14.8,8.5,12.8,723,677,685
4/26/2020 21:28,977.2,61,15.1,7.8,12.7,697,654,649
4/26/2020 22:28,976.7,56,15.5,6.9,12.7,729,696,672
4/26/2020 23:28,977.1,55,15.9,6.9,12.7,777,685,686
4/27/2020 0:28,979,53,16.2,6.6,12.6,706,694,645
4/27/2020 1:28,978.3,61,15,7.7,12.6,730,692,664
4/27/2020 2:28,977.5,67,14.1,8.2,12.6,714,684,663
4/27/2020 3:28,976.5,68,13.9,8.1,12.5,711,657,638
4/27/2020 4:28,976.5,68,14.2,8.5,12.8,671,684,641
4/27/2020 5:28,976.9,64,15,8.4,12.6,747,671,667
4/27/2020 6:28,976.6,58,17.6,9.4,13.6,727,675,690
4/27/2020 7:28,976.5,56,20,11.2,13.7,759,667,707
4/27/2020 8:28,976.4,54,20.9,11.2,13.8,732,653,663
4/27/2020 9:28,975.8,52,22.9,12.6,13.8,787,686,707
4/27/2020 10:28,975.2,49,23.8,12.6,13.8,760,731,676
4/27/2020 11:28,974.4,50,24.5,13.5,13.8,758,746,700
4/27/2020 12:28,973.7,48,25.8,14.1,13.8,731,694,685
4/27/2020 13:28,973.1,45,26.7,13.9,13.8,784,692,677
4/27/2020 14:28,972.4,45,26.3,13.6,13.7,758,692,693
4/27/2020 15:28,972.7,47,25.5,13.6,13.3,825,732,719
4/27/2020 16:28,972.6,52,24.3,14,13.1,793,678,696
4/27/2020 17:28,972.8,59,21.8,13.6,12.9,780,666,673
4/27/2020 18:28,973,67,19.7,13.6,12.9,712,715,678
4/27/2020 19:28,973.4,70,18.3,12.9,12.8,727,675,693
4/27/2020 20:28,972.7,70,17.7,12.3,12.8,769,715,738
4/27/2020 21:28,972.3,75,16.8,12.4,12.7,731,681,733
4/27/2020 22:28,971.9,78,16.3,12.6,12.7,727,713,678
4/27/2020 23:29,970.9,81,15.9,12.7,12.6,770,707,687
4/28/2020 0:29,970.1,80,16.2,12.9,12.6,794,683,728
4/28/2020 1:29,969.9,83,15.7,12.9,12.6,816,728,680
4/28/2020 2:29,969.5,85,15.3,12.9,12.5,754,698,664
4/28/2020 3:29,969.5,87,15.1,13,12.5,795,698,711
4/28/2020 4:29,970.5,86,15.7,13.5,12.5,761,764,714
4/28/2020 5:29,971.4,85,16.2,13.7,12.7,776,728,676
4/28/2020 6:29,970.1,76,19.6,15.4,13.7,767,688,701
4/28/2020 7:29,970.5,71,20.2,15,13.5,773,707,699
4/28/2020 8:29,969.9,69,20.1,14.3,13.4,798,698,716
4/28/2020 9:29,970.1,67,22.1,15.8,13.8,795,712,730
4/28/2020 10:29,971.1,67,19.1,12.9,13.1,760,758,681
4/28/2020 11:29,970.5,81,17.3,14.2,12.9,791,676,752
4/28/2020 12:29,971.3,91,16.6,15.2,13,784,716,626
4/28/2020 13:29,971,67,21,14.9,13.7,765,741,691
4/28/2020 14:29,969.4,58,22.8,14.3,13.6,827,727,721
4/28/2020 15:29,969.8,32,23.8,6.5,13.2,795,744,744
4/28/2020 16:29,971.3,34,22.7,6.1,13,786,698,739
4/28/2020 17:29,973.7,46,17,5.4,12.9,790,679,743
4/28/2020 18:29,974.1,62,14.1,7.1,12.8,773,763,730
4/28/2020 19:29,974.5,66,13.1,7,12.7,789,704,693
4/28/2020 20:29,974.3,70,12.2,7,12.7,815,724,740
4/28/2020 21:29,974.4,69,12.2,6.7,12.6,782,690,701
4/28/2020 22:29,974.3,72,11,6.3,12.6,787,721,701
4/28/2020 23:29,974,71,10.7,5.8,12.5,793,693,691
4/29/2020 0:29,973.9,69,10.3,5,12.5,805,716,700
4/29/2020 1:29,973.6,65,10.6,4.4,12.5,736,727,695
4/29/2020 2:29,973.3,62,10.9,3.9,12.4,776,692,689
4/29/2020 3:29,973.8,59,11.7,4.1,12.4,809,725,738
4/29/2020 4:29,974.7,59,11.9,4.4,12.4,780,760,718
4/29/2020 5:29,976,64,11.8,5.3,12.5,724,694,676
4/29/2020 6:29,977,68,12.1,6.3,13,773,729,669
4/29/2020 7:29,978,68,12.9,7.2,13.2,746,721,678
4/29/2020 8:29,978.8,61,15.2,7.9,13.8,746,734,707
4/29/2020 9:29,979.2,55,16.7,7.7,13.8,764,708,701
4/29/2020 10:29,979,47,18.1,6.7,13.8,811,751,669
4/29/2020 11:29,979.1,45,19.6,7.4,13.8,712,704,686
4/29/2020 12:29,978.8,41,19.2,5.6,13.8,733,648,720
4/29/2020 13:29,978.9,41,19.6,6.2,13.8,774,697,674
4/29/2020 14:30,978.9,38,19.6,5.2,13.7,784,691,673
4/29/2020 15:30,978.9,40,19.5,5.5,13.1,758,697,702
4/29/2020 16:30,978.8,41,19.1,5.6,13,756,675,708
4/29/2020 17:30,978.6,44,17.5,5.4,12.9,737,697,644
4/29/2020 18:30,978.7,57,14.1,5.9,12.8,832,739,629
4/29/2020 19:30,979.4,63,12.7,6,12.8,782,721,637
4/29/2020 20:30,979.6,62,12.8,5.9,12.7,758,711,700
4/29/2020 21:30,980,67,11.6,5.8,12.7,747,694,660
4/29/2020 22:30,980.1,89,7.8,6.1,12.6,771,657,697
4/29/2020 23:30,979.9,95,6.2,5.5,12.6,789,678,707
4/30/2020 0:30,979.7,96,6.1,5.6,12.5,772,713,673
4/30/2020 1:30,979.6,96,5.4,5,12.5,760,679,683
4/30/2020 2:30,979.7,98,4.8,4.7,12.4,827,703,718
4/30/2020 3:30,979.6,99,4.4,4.3,12.4,776,724,677
4/30/2020 4:30,980.1,99,5.3,5.2,12.9,750,673,595
4/30/2020 5:30,980.7,82,11.3,8.4,13.7,760,656,622
4/30/2020 6:30,981.2,71,13.3,8.1,13.8,758,687,675
4/30/2020 7:30,981,60,16.5,8.8,13.8,751,689,679
4/30/2020 8:30,980.5,53,19.2,9.4,13.8,756,717,646
4/30/2020 9:30,979.8,47,20,8.4,13.8,798,702,658
4/30/2020 10:30,979,41,21.2,7.4,13.8,790,714,701
4/30/2020 11:30,977.8,28,23.5,4.1,13.8,792,689,741
4/30/2020 12:30,977,31,24.8,6.6,13.8,753,752,693
4/30/2020 13:30,976,37,24.9,9.3,13.8,742,728,711
4/30/2020 14:30,975.1,26,25.4,4.6,13.6,790,753,673
4/30/2020 15:30,974.7,36,24,8.1,13.1,769,740,806
4/30/2020 16:30,974.4,44,21.9,9.3,13,842,749,684
4/30/2020 17:30,973.7,57,17.2,8.8,12.9,786,780,710
4/30/2020 18:31,973.9,76,13.3,9.1,12.8,797,650,723
4/30/2020 19:31,973.7,68,14,8.3,12.8,813,675,705
4/30/2020 20:31,973.5,59,15.5,7.5,12.7,785,706,745
4/30/2020 21:31,973.3,60,15.6,7.9,12.7,779,774,742
4/30/2020 22:31,973,60,15.9,8.2,12.6,769,702,684
4/30/2020 23:31,972.5,58,16.3,8.2,12.6,789,761,702
5/1/2020 0:31,971.9,54,17.2,8.1,12.6,778,762,757
5/1/2020 1:31,971.6,58,16.7,8.6,12.5,788,755,722
5/1/2020 2:31,971.5,63,15.8,9,12.5,800,781,757
5/1/2020 3:31,971.1,63,16.1,9.1,12.5,829,749,696
5/1/2020 4:31,970.9,58,17.3,9,12.5,825,776,706
5/1/2020 5:31,972,53,19.4,9.7,13.5,819,749,694
5/1/2020 6:31,971.8,54,20.4,10.8,13.7,841,772,715
5/1/2020 7:31,971,53,21.7,11.7,13.7,848,743,720
5/1/2020 8:31,970.5,49,24.2,13,13.8,761,716,735
5/1/2020 9:31,970.3,48,24.5,12.8,13.7,797,752,698
5/1/2020 10:31,970.1,50,25.6,14.4,13.8,772,746,712
5/1/2020 11:31,970.3,50,24.9,13.8,13.7,741,764,773
5/1/2020 12:31,969.9,51,25.6,14.8,13.7,786,762,743
5/1/2020 13:31,968.9,49,25.8,14.5,13.6,796,725,728
5/1/2020 14:31,969.7,41,28.6,14.3,13.7,813,719,764
5/1/2020 15:31,969.7,49,26.9,15.3,13.1,781,726,674
5/1/2020 16:31,969.5,50,26.3,15.1,13,849,757,747
5/1/2020 17:31,969.6,54,24.3,14.6,12.9,809,766,757
5/1/2020 18:31,970,84,17.6,15,12.8,810,743,696
5/1/2020 19:31,971,90,15.9,14.2,12.8,795,723,705
5/1/2020 20:31,971.4,91,15,13.7,12.7,790,739,782
5/1/2020 21:31,971.5,94,14.1,13.3,12.7,826,741,710
5/1/2020 22:31,971.9,93,14.1,13,12.6,768,745,709
5/1/2020 23:31,972.4,97,12.4,12,12.6,758,737,682
5/2/2020 0:31,972.6,99,12.1,12,12.6,759,706,736
5/2/2020 1:31,972.6,100,12.4,12.4,12.5,785,680,715
5/2/2020 2:31,973.6,99,12.2,12.2,12.5,784,766,682
5/2/2020 3:31,973.9,100,11.5,11.5,12.4,786,720,688
5/2/2020 4:31,975.2,95,14.4,13.7,12.8,840,725,683
5/2/2020 5:31,976.6,81,17.8,14.6,13.6,812,757,722
5/2/2020 6:31,976.9,66,19.8,13.4,13.6,725,649,666
5/2/2020 7:31,976.5,59,21.8,13.5,13.7,781,697,710
5/2/2020 8:31,975.5,47,23.8,11.9,13.8,842,714,663
5/2/2020 9:31,976,44,24.8,11.9,13.8,844,702,710
5/2/2020 10:32,975.8,42,25.7,12,13.8,725,775,701
5/2/2020 11:32,975,36,25.8,9.9,13.8,822,714,712
5/2/2020 12:32,975.1,35,25.1,8.9,13.7,802,768,707
5/2/2020 13:32,975,40,24.5,10.1,13.4,769,727,679
5/2/2020 14:32,974.8,38,24.4,9.2,13.5,834,750,689
5/2/2020 15:32,974.5,41,24.4,10.5,13.3,832,770,719
5/2/2020 16:32,974.5,39,23.4,8.9,13,805,738,698
5/2/2020 17:32,975,38,22.6,7.8,12.9,790,739,714
5/2/2020 18:32,975.7,40,21.4,7.3,12.8,736,678,694
5/2/2020 19:32,976.7,43,20.2,7.3,12.8,788,740,692
5/2/2020 20:32,976.8,45,19.6,7.4,12.7,796,703,675
5/2/2020 21:32,976.6,52,18.7,8.6,12.7,768,696,689
5/2/2020 22:32,976.8,52,18.1,8.2,12.6,780,741,695
5/2/2020 23:32,976.9,55,17.3,8.3,12.6,777,770,682
5/3/2020 0:32,976.7,53,17.2,7.5,12.6,799,693,732
5/3/2020 1:32,976.6,56,16.4,7.7,12.5,733,701,725
5/3/2020 2:32,976.9,58,15.4,7.2,12.5,781,683,668
5/3/2020 3:32,978.6,55,15.6,6.7,12.4,806,725,678
5/3/2020 4:32,976.9,58,14.6,6.6,12.4,768,707,706
5/3/2020 5:32,977.3,58,14.5,6.5,12.6,835,686,738
5/3/2020 6:32,978.7,59,16.7,8.7,13.7,761,747,700
5/3/2020 7:32,978.5,40,19.9,6,13.7,807,739,701
5/3/2020 8:32,978,37,21.7,6.4,13.8,821,776,724
5/3/2020 9:32,977.7,39,23,8.6,13.8,861,760,724
5/3/2020 10:32,977.2,34,24.1,7.6,13.8,788,713,695
5/3/2020 11:32,976.7,38,24.4,9.3,13.8,762,697,776
5/3/2020 12:32,975.9,36,25.1,9,13.8,805,698,707
5/3/2020 13:32,975.5,33,25.1,7.9,13.8,831,715,739
5/3/2020 14:32,975.3,38,24.8,9.7,13.7,822,761,765
5/3/2020 15:32,975.3,36,24.5,8.7,13.1,842,771,737
5/3/2020 16:32,975.4,36,23.6,7.9,13,852,723,755
5/3/2020 17:33,975.4,43,21,8,12.9,766,774,684
5/3/2020 18:33,976.3,53,18,8.3,12.8,781,721,699
5/3/2020 19:33,976.9,60,16.2,8.6,12.8,817,776,705
5/3/2020 20:33,976.9,54,17.1,7.9,12.7,834,783,685
5/3/2020 21:33,976.5,57,16.3,7.8,12.7,857,767,725
5/3/2020 22:33,976,59,15.8,7.8,12.6,803,694,716
5/3/2020 23:33,975.5,60,15,7.3,12.6,793,759,763
5/4/2020 0:33,975.6,63,14.5,7.6,12.5,777,739,713
5/4/2020 1:33,973.9,52,15.8,6.1,12.5,858,729,700
5/4/2020 2:33,973.3,49,15.6,5.1,12.5,816,797,738
5/4/2020 3:33,973.8,50,15.1,4.9,12.4,833,793,745
5/4/2020 4:33,971.2,68,13.5,7.8,12.4,801,785,741
5/4/2020 5:33,972.1,88,11.8,9.9,12.4,820,785,711
5/4/2020 6:33,967.3,94,11.7,10.8,12.4,862,713,693
5/4/2020 7:33,971.4,97,12.6,12.2,12.4,772,716,703
5/4/2020 8:33,972.7,95,11.4,10.8,12.4,742,667,663
5/4/2020 9:33,972.6,85,11.2,8.9,12.9,728,705,675
5/4/2020 10:33,971.3,78,12,8.4,13.2,743,650,694
5/4/2020 11:33,970.6,70,14.7,9.4,13.7,714,711,682
5/4/2020 12:33,970.9,73,16,11.2,13.5,750,692,694
5/4/2020 13:33,971.3,76,16.3,12.1,13.3,738,723,714
5/4/2020 14:33,972,76,15.9,11.7,13.1,836,697,678
5/4/2020 15:33,972.5,77,15.5,11.5,12.9,716,679,684
5/4/2020 16:33,972.6,76,15.3,11.2,12.8,785,676,650
5/4/2020 17:33,973.7,75,15,10.7,12.7,747,661,662
5/4/2020 18:33,974.5,79,14.4,10.8,12.7,759,667,641
5/4/2020 19:33,976,83,13,10.3,12.6,733,716,632
5/4/2020 20:33,976.8,87,12.3,10.3,12.5,759,649,618
5/4/2020 21:33,977.5,94,10.8,9.9,12.5,726,624,617
5/4/2020 22:33,977.7,97,11.1,10.7,12.4,733,669,635
5/4/2020 23:33,978.4,93,11.9,10.8,12.4,705,675,639
5/5/2020 0:33,978.3,91,11,9.6,12.4,682,626,630
5/5/2020 1:33,978.9,95,9.5,8.8,12.4,752,684,638
5/5/2020 2:34,979.4,93,9.3,8.3,12.3,727,666,617
5/5/2020 3:34,979.8,91,9.2,7.9,12.3,733,665,659
5/5/2020 4:34,981,87,10,8.1,13,747,688,624
5/5/2020 5:34,981.3,78,11.8,8.2,13.6,725,690,673
5/5/2020 6:34,981.6,72,13.6,8.7,13.7,735,673,621
5/5/2020 7:34,981.4,62,15.8,8.6,13.8,731,684,652
5/5/2020 8:34,981.3,52,17.8,7.9,13.8,739,656,620
5/5/2020 9:34,981,42,19.2,6.1,13.8,696,661,680
5/5/2020 10:34,980.6,35,20.3,4.4,13.8,749,673,690
5/5/2020 11:34,980.2,29,21,2.5,13.8,726,647,650
5/5/2020 12:34,979.9,29,21.5,2.7,13.8,734,615,722
5/5/2020 13:34,979.5,28,21.8,2.7,13.8,791,715,636
5/5/2020 14:34,979.7,27,21.8,2,13.7,779,666,721
5/5/2020 15:34,980.1,27,21.5,1.8,13.1,766,671,680
5/5/2020 16:34,980.3,30,20.5,2.6,13,770,689,698
5/5/2020 17:34,980.6,35,17.9,2.2,12.9,786,659,656
5/5/2020 18:34,981.5,37,15.9,1.4,12.8,730,687,662
5/5/2020 19:34,982.1,69,11.2,5.8,12.8,744,700,679
5/5/2020 20:34,982.4,51,12.8,2.9,12.7,743,732,648
5/5/2020 21:34,982.6,52,13.3,3.7,12.7,708,670,624
5/5/2020 22:34,984.2,87,10.8,8.8,12.7,731,628,639
5/5/2020 23:34,984.4,83,10,7.3,12.6,681,683,670
5/6/2020 0:34,984.5,89,10.5,8.7,12.6,708,687,637
5/6/2020 1:34,985.2,85,10.6,8.2,12.5,721,651,637
5/6/2020 2:34,985.1,83,9.1,6.4,12.5,674,628,645
5/6/2020 3:34,985.6,97,5.3,4.9,12.5,811,594,646
5/6/2020 4:34,986.5,98,6.7,6.5,13.1,796,625,687
5/6/2020 5:34,987.1,75,11.7,7.4,13.7,695,650,577
5/6/2020 6:34,987.2,67,13.5,7.6,13.8,729,624,658
5/6/2020 7:34,987.5,62,14.4,7.3,13.8,719,658,611
5/6/2020 8:34,987.8,61,15.6,8.2,13.9,668,681,644
5/6/2020 9:34,987.7,53,15.9,6.5,13.9,655,626,651
5/6/2020 10:34,987.2,49,16.9,6.2,13.9,681,638,649
5/6/2020 11:34,986.4,54,17.4,8.1,13.9,687,640,646
5/6/2020 12:34,985.7,46,18.4,6.6,13.8,748,655,675
5/6/2020 13:35,985,43,18.2,5.7,13.8,711,703,653
5/6/2020 14:35,984.4,46,18.4,6.6,13.7,703,650,656
5/6/2020 15:35,984.2,44,18.2,5.7,13.1,759,678,577
5/6/2020 16:35,983.8,41,17.4,4,13,736,657,641
5/6/2020 17:35,983.8,51,15,5,12.9,750,727,687
5/6/2020 18:35,984.2,78,11.1,7.4,12.8,729,637,629
5/6/2020 19:35,984.9,94,7.5,6.6,12.8,724,664,654
5/6/2020 20:35,984.9,96,6.4,5.9,12.7,711,672,686
5/6/2020 21:35,984.6,99,5.2,5.1,12.7,721,687,717
5/6/2020 22:35,984.7,100,4.6,4.6,12.6,730,682,669
5/6/2020 23:35,984,100,4.6,4.6,12.6,757,644,679
5/7/2020 0:35,983.7,100,3.4,3.4,12.5,788,690,613
5/7/2020 1:35,983.2,100,4.6,4.6,12.5,837,642,668
5/7/2020 2:35,982.9,100,5.8,5.8,12.4,763,651,701
5/7/2020 3:35,982.3,100,6.6,6.6,12.4,722,716,684
5/7/2020 4:35,982.7,100,7.2,7.2,12.5,730,706,645
5/7/2020 5:35,982.2,85,10.3,8,12.8,811,701,660
5/7/2020 6:35,981.8,80,10.9,7.7,12.5,711,664,631
5/7/2020 7:35,982.2,91,10.8,9.4,12.5,749,690,647
5/7/2020 8:35,980.3,86,11.5,9.4,13.1,733,726,651
5/7/2020 9:35,978.2,73,15.1,10.4,13.8,768,683,640
5/7/2020 10:35,978.1,71,14.7,9.6,13.1,740,706,702
5/7/2020 11:35,977.8,92,12.6,11.4,12.8,754,639,696
5/7/2020 12:35,976.3,90,12.2,10.7,12.9,730,743,674
5/7/2020 13:35,976,81,12.5,9.5,12.9,771,690,655
5/7/2020 14:35,975.3,83,12.7,9.9,12.8,719,673,690
5/7/2020 15:35,974.8,85,12.5,10.1,12.7,741,685,701
5/7/2020 16:35,974.1,86,12.6,10.4,12.7,795,717,655
5/7/2020 17:35,975.1,88,12,10.2,12.5,737,670,673
5/7/2020 18:36,974.6,93,11.3,10.2,12.4,753,669,652
5/7/2020 19:36,975,92,11.3,10.1,12.4,765,688,679
5/7/2020 20:36,979,96,11.2,10.6,12.4,739,700,626
5/7/2020 21:36,975.8,96,10.2,9.7,12.4,759,722,667
5/7/2020 22:36,975.8,99,9.2,9.1,12.4,757,684,694
5/7/2020 23:36,977.2,100,9.5,9.5,12.3,765,687,681
5/8/2020 0:36,978.2,90,9.8,8.3,12.3,740,654,641
5/8/2020 1:36,979.9,91,8.2,6.9,12.3,728,677,668
5/8/2020 2:36,980.8,88,8.1,6.3,12.3,724,633,681
5/8/2020 3:36,981.7,91,8,6.7,12.3,728,646,647
5/8/2020 4:36,983.9,84,8.2,5.7,13,722,680,612
5/8/2020 5:36,985.2,72,8.3,3.7,13.6,697,679,684
5/8/2020 6:36,986.3,62,8.7,1.8,13.7,725,725,623
5/8/2020 7:36,986.9,57,10.1,2.2,13.8,698,663,573
5/8/2020 8:36,987.5,50,11.3,1.4,13.8,732,626,647
5/8/2020 9:36,987.9,40,12.1,-0.9,13.8,707,671,613
5/8/2020 10:36,987.7,40,13.6,0.2,13.8,661,640,644
5/8/2020 11:36,987.4,42,14.3,1.6,13.8,732,643,627
5/8/2020 12:36,986.9,38,14.9,0.9,13.8,708,679,624
5/8/2020 13:36,986.2,30,15.6,-1.6,13.8,689,1105,640
5/8/2020 14:36,985.7,36,15.8,0.8,13.7,754,4632,699
5/8/2020 15:36,985.4,36,15.6,0.8,13.1,734,8344,651
5/8/2020 16:36,985,37,14.8,0.4,13,742,7082,668
5/8/2020 17:36,984.8,44,12.1,0.4,12.9,757,4793,675
5/8/2020 18:36,985.2,89,5.9,4.2,12.8,714,3072,617
5/8/2020 19:36,985.5,94,4.1,3.3,12.8,702,1021,636
5/8/2020 20:36,986,97,2.9,2.6,12.7,696,669,660
5/8/2020 21:36,986,98,2.2,2,12.7,718,685,683
5/8/2020 22:36,985.9,100,1.2,1.2,12.6,769,646,667
5/8/2020 23:37,986.3,100,0.6,0.6,12.6,804,611,655
5/9/2020 0:37,986.1,100,0.1,0.1,12.5,764,680,671
5/9/2020 1:37,986.4,100,-0.2,-0.1,12.5,752,665,626
5/9/2020 2:37,986.1,100,-0.5,-0.5,12.5,664,627,659
5/9/2020 3:37,986.3,100,-0.6,-0.5,12.5,696,665,592
5/9/2020 4:37,987,100,2.5,2.5,13.3,742,656,674
5/9/2020 5:37,986.9,94,6.7,5.9,13.7,717,686,620
5/9/2020 6:37,987,55,12.5,3.8,13.7,693,652,689
5/9/2020 7:37,986.5,47,13.7,2.6,13.7,730,667,606
5/9/2020 8:37,986.5,44,15.3,3.1,13.8,702,671,654
5/9/2020 9:37,986.1,43,15.6,3.1,13.8,715,1094,684
5/9/2020 10:37,985,40,14.9,1.7,13.7,716,2868,621
5/9/2020 11:37,984.8,44,15.8,3.8,13.8,767,3168,676
5/9/2020 12:37,983.6,46,16.3,4.7,13.8,765,3362,667
5/9/2020 13:37,982.7,38,16.7,2.4,13.8,771,4770,677
5/9/2020 14:37,982.5,45,16.3,4.6,13.7,772,4681,690
5/9/2020 15:37,982.7,41,15.8,2.8,13.6,773,2029,631
5/9/2020 16:37,982.7,40,15.1,1.8,13,711,828,681
5/9/2020 17:37,982.8,57,13.5,5.1,12.9,747,701,640
5/9/2020 18:37,983.3,84,10.3,7.7,12.8,734,654,705
5/9/2020 19:37,984.5,71,11.6,6.7,12.8,687,683,682
5/9/2020 20:37,984.6,81,9.9,6.9,12.7,666,664,663
5/9/2020 21:37,985.7,93,7.7,6.7,12.7,712,653,630
5/9/2020 22:37,987.2,60,8.6,1.5,12.6,747,596,593
5/9/2020 23:37,987.5,57,7.8,0,12.6,700,658,652
5/10/2020 0:37,987.6,64,6.2,0,12.5,750,662,645
5/10/2020 1:37,987.9,71,4.7,0,12.5,736,665,684
5/10/2020 2:37,988.1,79,3.1,0,12.5,655,651,631
5/10/2020 3:37,988.5,75,3.3,-0.5,12.4,740,687,596
5/10/2020 4:37,989.4,71,4.4,-0.3,13.3,732,621,646
5/10/2020 5:37,990,61,6,-0.7,13.7,715,663,638
5/10/2020 6:37,990.1,54,8.4,-0.1,13.8,720,647,616
5/10/2020 7:38,990.4,46,9.3,-1.4,13.8,722,660,674
5/10/2020 8:38,990.3,48,11,0.4,13.8,645,675,635
5/10/2020 9:38,990.3,44,12.4,0.5,13.9,733,650,618
5/10/2020 10:38,989.8,40,13.8,0.6,13.9,762,607,659
5/10/2020 11:38,989,37,14.7,0.2,13.9,684,657,626
5/10/2020 12:38,988.3,35,15.7,0.5,13.8,685,657,636
5/10/2020 13:38,987.8,33,16.2,0.2,13.8,736,644,654
5/10/2020 14:38,987.7,31,16,-0.8,13.7,756,729,647
5/10/2020 15:38,987.3,34,15.5,-0.2,13.1,721,709,643
5/10/2020 16:38,987.3,35,14.4,-0.6,13,727,623,671
5/10/2020 17:38,987.2,39,12.5,-0.7,12.9,704,670,672
5/10/2020 18:38,987.7,49,10,0,12.8,687,659,592
5/10/2020 19:38,988.4,73,6.1,1.8,12.8,731,645,662
5/10/2020 20:38,988.8,90,3.2,1.7,12.7,731,683,657
5/10/2020 21:38,989.3,95,2.1,1.4,12.6,692,688,687
5/10/2020 22:38,989,97,1.2,0.9,12.6,730,691,662
5/10/2020 23:38,989.4,94,1.5,0.7,12.5,698,654,640
5/11/2020 0:38,988.5,85,4.5,2.2,12.5,745,626,655
5/11/2020 1:38,989,92,4.3,3.2,12.4,694,642,672
5/11/2020 2:38,988.7,63,6.2,-0.2,12.4,805,660,606
5/11/2020 3:38,990.1,70,5.7,0.8,12.4,691,679,683
5/11/2020 4:38,990.8,84,5.7,3.2,12.4,693,663,616
5/11/2020 5:38,991.3,69,7.2,2,12.7,720,698,583
5/11/2020 6:38,991,59,7.9,0.6,12.8,680,649,617
5/11/2020 7:38,991,57,7.6,-0.2,12.6,689,666,635
5/11/2020 8:38,990.7,51,8.9,-0.4,13,734,637,664
5/11/2020 9:38,990.3,57,8.6,0.7,13.2,714,677,637
5/11/2020 10:38,989.7,53,9.7,0.7,13.3,735,655,661
5/11/2020 11:38,988.9,48,9.7,-0.4,13.2,717,653,595
5/11/2020 12:38,988.1,50,9.3,-0.2,13.2,676,675,689
5/11/2020 13:38,987.3,53,9.1,0.1,13.1,716,667,679
5/11/2020 14:38,986.5,50,9.3,-0.3,12.9,690,705,662
5/11/2020 15:38,986.4,72,7.4,2.8,12.8,746,716,617
5/11/2020 16:38,985.9,87,6.7,4.7,12.7,723,690,676
5/11/2020 17:38,985.5,91,6.1,4.8,12.5,685,688,675
5/11/2020 18:38,985.9,94,5.9,5.1,12.5,715,693,617
5/11/2020 19:39,986.2,93,5.7,4.7,12.4,717,661,633
5/11/2020 20:39,986.1,96,5.6,5.1,12.4,735,647,605
5/11/2020 21:39,986,95,5.7,4.9,12.4,705,649,679
5/11/2020 22:39,985.6,97,5.5,5.2,12.3,698,672,665
5/11/2020 23:39,985.1,98,5.5,5.2,12.3,731,695,644
5/12/2020 0:39,984.4,98,5.6,5.3,12.3,733,657,624
5/12/2020 1:39,984.3,98,5.7,5.5,12.3,749,664,688
5/12/2020 2:39,984.5,97,5.7,5.2,12.3,720,648,633
5/12/2020 3:39,984.3,95,5.7,5,12.3,769,634,641
5/12/2020 4:39,984.7,95,5.9,5.3,12.3,726,634,647
5/12/2020 5:39,985.2,91,6.4,5.1,12.3,720,650,664
5/12/2020 6:39,985,88,7,5.3,12.5,747,667,621
5/12/2020 7:39,984.8,77,7.9,4.1,13,686,677,624
5/12/2020 8:39,984.7,76,8.2,4.2,12.9,732,638,619
5/12/2020 9:39,984.3,80,8.9,5.7,13.2,737,624,626
5/12/2020 10:39,983.5,80,9.5,6.3,13.2,766,653,639
5/12/2020 11:39,982.8,76,9.9,5.9,13.2,724,641,679
5/12/2020 12:39,982,71,10.9,6,13.3,753,681,663
5/12/2020 13:39,981.5,74,11.5,7,13.3,734,714,648
5/12/2020 14:39,980.7,74,12.3,7.8,13.4,748,692,681
5/12/2020 15:39,980.2,75,11.8,7.7,13.2,742,669,677
5/12/2020 16:39,979.9,79,11.1,7.8,12.8,765,693,653
5/12/2020 17:39,979.8,84,10.2,7.8,12.7,703,673,654
5/12/2020 18:39,979.9,88,9.7,7.9,12.6,741,725,678
5/12/2020 19:39,979.7,90,9.5,7.9,12.6,707,689,689
5/12/2020 20:39,979.8,90,9.3,7.8,12.5,717,721,658
5/12/2020 21:39,979.9,91,9.4,8,12.5,648,641,659
5/12/2020 22:39,979.3,91,9.3,8,12.4,755,705,718
5/12/2020 23:39,978.5,92,9.3,8.1,12.4,730,695,641
5/13/2020 0:39,977.8,93,9.2,8.3,12.4,736,696,644
5/13/2020 1:39,977.7,94,9.3,8.4,12.3,727,752,663
5/13/2020 2:39,977.7,92,9.5,8.4,12.3,710,722,664
5/13/2020 3:39,976.8,95,9.3,8.6,12.3,753,704,649
5/13/2020 4:39,976.2,96,9.5,8.9,12.3,750,722,656
5/13/2020 5:39,975.8,94,9.9,9,12.3,743,696,681
5/13/2020 6:39,976.6,95,10.1,9.3,12.2,779,647,705
5/13/2020 7:39,976,97,10.6,10.2,12.4,728,708,689
5/13/2020 8:40,975.3,93,12.2,11.2,12.9,725,733,669
5/13/2020 9:40,974.6,92,13.9,12.7,13,772,729,667
5/13/2020 10:40,973.9,88,15.7,13.7,13.2,725,705,717
5/13/2020 11:40,972.5,82,19.1,16,13.5,829,726,661
5/13/2020 12:40,971.3,74,21.2,16.4,13.3,747,706,720
5/13/2020 13:40,970.5,71,22,16.6,13.5,716,718,674
5/13/2020 14:40,970.1,78,20.8,16.9,13,745,640,710
5/13/2020 15:40,969.6,80,21,17.4,13,808,696,686
5/13/2020 16:40,969.3,83,20.2,17.2,12.8,801,727,696
5/13/2020 17:40,969.6,86,19.7,17.3,12.7,740,665,686
5/13/2020 18:40,969.4,89,19.4,17.5,12.6,781,681,687
5/13/2020 19:40,969.6,89,19.7,17.9,12.6,779,716,638
5/13/2020 20:40,970.6,88,19.9,18,12.6,785,641,727
5/13/2020 21:40,969.7,89,20,18.2,12.5,763,672,662
5/13/2020 22:40,969.7,90,20,18.4,12.5,754,733,722
5/13/2020 23:40,969.7,88,20.5,18.6,12.4,736,715,695
5/14/2020 0:40,969.5,94,18.7,17.8,12.4,767,678,669
5/14/2020 1:40,969.7,98,16.6,16.4,12.4,766,719,655
5/14/2020 2:40,970.1,98,16.2,16,12.4,768,763,655
5/14/2020 3:40,970.8,100,17.1,17.1,12.3,723,710,675
5/14/2020 4:40,971.2,97,18.3,17.9,12.5,760,691,665
5/14/2020 5:40,971.8,92,19.9,18.6,12.9,736,694,707
5/14/2020 6:40,972,83,22.8,19.8,13.6,760,681,712
5/14/2020 7:40,971.4,72,24.2,18.8,13.7,752,700,628
5/14/2020 8:40,971,62,24.8,17,13.5,775,717,673
5/14/2020 9:40,970.6,61,25.7,17.6,13.7,724,727,726
5/14/2020 10:40,970.2,61,25.4,17.5,13.7,737,740,727
5/14/2020 11:40,969.6,61,25.4,17.4,13.6,793,697,648
5/14/2020 12:40,969.1,59,26.9,18.2,13.7,771,741,708
5/14/2020 13:40,968.8,60,26,17.8,13.6,786,706,697
5/14/2020 14:40,968.7,60,27.7,19.4,13.7,788,713,718
5/14/2020 15:40,968.1,67,27.1,20.6,13.4,782,698,714
5/14/2020 16:40,967.9,85,21.7,19.1,13.1,756,665,685
5/14/2020 17:40,967.8,92,21.3,19.9,13,739,675,708
5/14/2020 18:40,968.6,95,19.3,18.6,12.8,718,654,660
5/14/2020 19:40,969.6,93,18.7,17.6,12.8,747,706,689
5/14/2020 20:40,970.6,97,17.2,16.9,12.7,796,744,714
5/14/2020 21:40,970.6,99,15.6,15.5,12.7,728,659,678
5/14/2020 22:40,970.5,100,14.6,14.6,12.6,776,695,643
5/14/2020 23:40,972,100,14.7,14.7,12.6,762,683,652
5/15/2020 0:40,971.4,100,14.8,14.8,12.6,725,673,653
5/15/2020 1:40,972.5,100,15.9,15.9,12.5,703,668,636
5/15/2020 2:41,972.9,100,16.1,16.1,12.5,734,684,656
5/15/2020 3:41,972.9,99,16.1,16,12.5,761,667,644
5/15/2020 4:41,974.3,98,16.1,15.9,12.4,739,734,673
5/15/2020 5:41,976.2,99,15.6,15.6,12.4,754,644,697
5/15/2020 6:41,976.3,99,16.2,16.1,12.5,700,667,669
5/15/2020 7:41,975.9,95,16.9,16.1,12.8,770,651,629
5/15/2020 8:41,975.3,92,17.5,16.3,13.1,731,672,667
5/15/2020 9:41,976.2,91,17.9,16.5,13.1,689,646,636
5/15/2020 10:41,976.1,85,19.7,17.3,13.7,724,642,672
5/15/2020 11:41,975.6,77,20.9,16.7,13.6,695,665,692
5/15/2020 12:41,975.6,70,23,17.4,13.7,717,701,652
5/15/2020 13:41,975,70,23.1,17.5,13.7,691,646,732
5/15/2020 14:41,974.6,69,23.4,17.5,13.6,752,641,646
5/15/2020 15:41,974.4,72,22.4,17.3,13.5,731,720,694
5/15/2020 16:41,974,77,21.5,17.3,13,728,678,670
5/15/2020 17:41,973.5,80,20.1,16.6,12.9,713,692,688
5/15/2020 18:41,974.4,94,17.2,16.3,12.8,645,678,711
5/15/2020 19:41,975,92,17.6,16.3,12.7,771,739,627
5/15/2020 20:41,975.3,95,16.1,15.4,12.7,760,677,671
5/15/2020 21:41,975.1,93,17.5,16.5,12.6,741,687,654
5/15/2020 22:41,974.3,93,17.4,16.4,12.6,699,658,661
5/15/2020 23:41,973.9,97,16.3,15.9,12.5,767,686,644
5/16/2020 0:41,973.4,100,15.6,15.6,12.5,691,660,690
5/16/2020 1:41,974.1,97,16.9,16.5,12.4,693,691,701
5/16/2020 2:41,973.9,95,17.2,16.5,12.4,784,657,628
5/16/2020 3:41,974,97,17,16.5,12.4,751,665,674
5/16/2020 4:41,974.7,97,17.2,16.8,12.4,735,678,660
5/16/2020 5:41,974.7,93,18,16.9,13.1,769,685,671
5/16/2020 6:41,974.7,88,18.5,16.5,13,735,693,661
5/16/2020 7:42,974.9,83,19.8,16.9,13.2,724,676,634
5/16/2020 8:42,974.6,82,20.6,17.4,13.5,719,657,677
5/16/2020 9:42,974.3,80,21.3,17.7,13.7,740,676,681
5/16/2020 10:42,973.9,75,21.4,16.9,13.6,728,649,705
5/16/2020 11:42,973.4,74,21.6,16.9,13.5,694,731,706
5/16/2020 12:42,973.5,69,23.2,17.2,13.8,749,680,708
5/16/2020 13:42,972.7,60,24.7,16.4,13.7,727,644,686
5/16/2020 14:42,972.1,69,23.6,17.7,13.2,753,652,705
5/16/2020 15:42,972.2,72,21.5,16.2,12.9,801,731,664
5/16/2020 16:42,972.3,84,20.1,17.4,12.8,732,701,649
5/16/2020 17:42,972.8,85,19.7,17.1,12.8,759,704,676
5/16/2020 18:42,972.8,97,16.5,16,12.7,731,743,676
5/16/2020 19:42,972.8,99,15.6,15.5,12.6,775,673,678
5/16/2020 20:42,973.3,100,14.3,14.3,12.6,750,691,642
5/16/2020 21:42,973.9,100,15.7,15.7,12.5,767,689,628
5/16/2020 22:42,973.7,100,14,14,12.5,746,669,715
5/16/2020 23:42,973.9,94,15.1,14.2,12.5,748,637,686
5/17/2020 0:42,973.8,95,14.4,13.7,12.4,747,694,664
5/17/2020 1:42,974.3,93,13.7,12.7,12.4,773,670,631
5/17/2020 2:42,974.4,93,12.4,11.3,12.4,762,676,669
5/17/2020 3:42,974.8,91,12.5,11.1,12.3,769,722,689
5/17/2020 4:42,975.6,86,13.1,10.8,12.3,806,698,702
5/17/2020 5:42,976,85,13.7,11.4,12.4,842,686,664
5/17/2020 6:42,976.5,81,15.6,12.3,13.4,746,746,710
5/17/2020 7:42,976.9,74,16.2,11.6,13.7,766,715,662
5/17/2020 8:42,976.4,63,17.9,10.9,13.5,767,732,662
5/17/2020 9:42,976,57,18.4,9.9,13.6,816,649,647
5/17/2020 10:42,975.9,54,19.8,10.2,13.6,797,717,677
5/17/2020 11:42,976,57,19.9,11.2,13.7,798,704,666
5/17/2020 12:42,975.5,55,20.2,11,13.7,784,713,667
5/17/2020 13:42,975,51,21,10.6,13.8,806,701,688
5/17/2020 14:42,974.8,49,21,10,13.6,756,727,711
5/17/2020 15:42,974.8,48,20.9,9.7,13,769,711,703
5/17/2020 16:42,974.9,51,19.9,9.6,12.9,792,719,728
5/17/2020 17:42,975.2,58,17.5,9.4,12.8,784,750,693
5/17/2020 18:42,975.4,67,15.3,9.4,12.7,800,691,644
5/17/2020 19:42,975.8,72,14.3,9.5,12.7,780,671,756
5/17/2020 20:42,975.8,74,13.8,9.4,12.6,800,721,742
5/17/2020 21:42,975.6,74,13.9,9.3,12.6,749,707,698
5/17/2020 22:42,975.4,78,12.9,9.3,12.5,733,663,650
5/17/2020 23:42,975,76,14,10,12.5,772,679,704
5/18/2020 0:42,975,72,14.5,9.7,12.4,798,718,673
5/18/2020 1:42,975.8,76,12.9,8.9,12.4,776,707,665
5/18/2020 2:42,975.9,73,13.1,8.5,12.4,744,694,680
5/18/2020 3:43,976.5,75,13.1,8.9,12.3,755,706,671
5/18/2020 4:43,977.1,75,12.9,8.6,12.3,768,739,676
5/18/2020 5:43,977.5,75,13.5,9.1,12.5,767,735,679
5/18/2020 6:43,977.9,74,13.8,9.4,12.7,785,711,761
5/18/2020 7:43,977.9,72,14.5,9.7,13,737,690,628
5/18/2020 8:43,977.8,68,15.7,9.9,13.5,788,734,722
5/18/2020 9:43,977.7,63,17.3,10.3,13.7,773,732,666
5/18/2020 10:43,976.9,66,19.4,13,13.8,789,668,684
5/18/2020 11:43,976.4,59,20.7,12.6,13.8,793,677,673
5/18/2020 12:43,975.7,58,21.6,13.2,13.8,771,671,720
5/18/2020 13:43,975.1,52,21.7,11.5,13.8,807,733,671
5/18/2020 14:43,974.5,50,22.6,11.8,13.6,771,705,707
5/18/2020 15:43,974.5,47,22.2,10.6,13,768,744,748
5/18/2020 16:43,974.3,50,21.5,10.9,12.9,815,754,709
5/18/2020 17:43,974.6,60,18,10.1,12.8,767,749,693
5/18/2020 18:43,975.5,68,15.4,9.6,12.7,808,710,657
5/18/2020 19:43,976.3,74,13.8,9.3,12.7,806,704,664
5/18/2020 20:43,976.7,83,11.7,9.1,12.6,781,720,676
5/18/2020 21:43,976.5,97,8.7,8.4,12.6,827,724,653
5/18/2020 22:43,976.5,99,7.7,7.6,12.5,760,704,682
5/18/2020 23:43,976.2,100,6.9,6.9,12.5,773,708,702
5/19/2020 0:43,976.1,100,6.2,6.2,12.4,802,696,720
5/19/2020 1:43,976,100,6.9,6.9,12.4,819,746,714
5/19/2020 2:43,976,100,6.8,6.8,12.3,772,692,676
5/19/2020 3:43,976.5,100,8.8,8.8,12.3,750,742,667
5/19/2020 4:43,977.2,100,10.3,10.3,12.3,845,719,719
5/19/2020 5:43,977.4,98,11.7,11.5,12.4,770,709,674
5/19/2020 6:43,977.8,93,13,12,12.6,746,736,730
5/19/2020 7:43,977.6,79,14.7,11.2,13.2,720,694,666
5/19/2020 8:43,977.9,80,15.5,12.2,13.3,788,730,695
5/19/2020 9:43,977.9,77,16.3,12.3,13.4,718,768,725
5/19/2020 10:43,977.7,68,18.1,12.3,13.8,727,712,699
5/19/2020 11:43,976.5,61,20.1,12.4,13.7,764,708,670
5/19/2020 12:43,975.9,65,21.5,14.8,13.8,764,720,701
5/19/2020 13:43,975.3,57,22.4,13.5,13.7,776,745,727
5/19/2020 14:43,975,55,22.4,13,13.6,765,723,683
5/19/2020 15:43,974.7,53,22.2,12.2,12.9,834,742,677
5/19/2020 16:43,975,56,21.5,12.4,12.9,805,720,764
5/19/2020 17:44,975.1,67,19,12.8,12.8,817,722,718
5/19/2020 18:44,975.4,94,13.1,12.2,12.7,818,704,684
5/19/2020 19:44,976.1,97,11.7,11.4,12.6,846,739,693
5/19/2020 20:44,976.3,99,11.7,11.5,12.6,800,722,718
5/19/2020 21:44,976.5,99,10.9,10.8,12.5,754,704,677
5/19/2020 22:44,976.8,97,11.7,11.4,12.5,753,694,667
5/19/2020 23:44,977.1,100,10.2,10.2,12.5,798,711,670
5/20/2020 0:44,976.9,100,9.2,9.2,12.4,781,724,668
5/20/2020 1:44,977.3,100,8.4,8.4,12.4,771,663,656
5/20/2020 2:44,977.2,100,8.6,8.5,12.3,800,659,691
5/20/2020 3:44,977.7,100,8.4,8.4,12.3,784,703,688
5/20/2020 4:44,978,100,12.5,12.5,13.3,788,684,666
5/20/2020 5:44,977.8,89,15.6,13.9,13.6,751,714,678
5/20/2020 6:44,977.5,75,18.1,13.7,13.8,748,714,720
5/20/2020 7:44,977.5,73,19,14.2,13.8,806,729,661
5/20/2020 8:44,977.5,72,19.5,14.3,13.7,737,735,657
5/20/2020 9:44,977.8,67,21.2,15,13.8,756,719,703
5/20/2020 10:44,977.3,66,21,14.6,13.7,744,707,673
5/20/2020 11:44,976.8,67,21.2,14.9,13.7,774,692,692
5/20/2020 12:44,976.2,67,21.6,15.4,13.8,800,733,768
5/20/2020 13:44,975.6,71,21,15.6,13.7,771,703,685
5/20/2020 14:44,975.4,69,20.3,14.6,13.6,753,727,690
5/20/2020 15:44,975,71,20,14.7,13,765,733,726
5/20/2020 16:44,974.9,75,19.5,15.1,12.9,782,692,721
5/20/2020 17:44,974.7,78,18.9,15.1,12.8,787,685,650
5/20/2020 18:44,974.6,80,18.5,15.1,12.7,766,730,732
5/20/2020 19:44,974.5,83,17.6,14.8,12.7,755,692,677
5/20/2020 20:44,974,86,16.4,14.2,12.6,761,751,715
5/20/2020 21:44,974.4,92,13.8,12.7,12.6,741,743,702
5/20/2020 22:44,974.4,97,11.5,11.1,12.5,807,717,698
5/20/2020 23:44,974.8,100,10.4,10.4,12.5,785,766,694
5/21/2020 0:44,974.9,100,9.8,9.8,12.4,755,747,740
5/21/2020 1:44,975,100,9.6,9.6,12.4,768,705,682
5/21/2020 2:44,974.9,100,14.7,14.7,12.3,782,753,704
5/21/2020 3:45,975.4,97,15.5,15.2,12.3,776,679,704
5/21/2020 4:45,975.5,95,16.2,15.5,12.3,833,665,693
5/21/2020 5:45,975.6,91,16.9,15.5,12.6,811,674,672
5/21/2020 6:45,975.5,87,18.2,16,13.1,759,759,674
5/21/2020 7:45,975.6,84,19.1,16.4,13.1,709,706,674
5/21/2020 8:45,976.4,83,19.8,16.8,13.3,762,676,653
5/21/2020 9:45,974.9,78,21,17.2,13.6,716,682,653
5/21/2020 10:45,974.3,77,21.7,17.7,13.5,740,746,707
5/21/2020 11:45,973.7,80,21.3,17.8,13.5,769,733,663
5/21/2020 12:45,972.8,77,21.8,17.7,13.7,819,699,714
5/21/2020 13:45,972.7,77,21.7,17.5,13.6,823,748,713
5/21/2020 14:45,972.1,77,21.9,17.7,13.7,720,691,702
5/21/2020 15:45,972.5,80,21.8,18.3,13.1,760,777,730
5/21/2020 16:45,972.8,86,20.1,17.8,12.9,756,708,768
5/21/2020 17:45,973.2,90,19.6,18,12.8,726,727,716
5/21/2020 18:45,973.9,96,18.7,18.1,12.7,772,703,729
5/21/2020 19:45,974.5,96,18.3,17.7,12.6,736,696,686
5/21/2020 20:45,974.3,91,18.3,16.8,12.6,741,697,693
5/21/2020 21:45,974.2,92,18.1,16.8,12.5,797,752,704
5/21/2020 22:45,973.6,92,18,16.8,12.5,789,716,655
5/21/2020 23:45,973.5,94,17.9,17,12.5,749,681,699
5/22/2020 0:45,972.4,96,17.3,16.8,12.4,767,705,675
5/22/2020 1:45,971.3,97,17.6,17.2,12.4,754,707,699
5/22/2020 2:45,972,97,17.5,17.1,12.3,763,697,706
5/22/2020 3:45,972.1,97,17.4,17,12.3,759,727,680
5/22/2020 4:45,972.5,97,17.4,17,12.3,727,737,697
5/22/2020 5:45,972.7,98,15.4,15.1,12.3,715,651,666
5/22/2020 6:45,968.9,98,15.3,15.1,12.4,782,673,616
5/22/2020 7:45,971.3,93,17.2,16.1,13.3,736,679,709
5/22/2020 8:45,972,86,19.1,16.7,13.5,676,715,691
5/22/2020 9:45,971.8,76,22,17.6,13.8,735,720,658
5/22/2020 10:45,971.1,81,21.8,18.5,13.7,703,720,649
5/22/2020 11:46,970.1,69,24.2,18.3,13.8,814,687,637
5/22/2020 12:46,969.4,67,24.1,17.7,13.6,729,704,676
5/22/2020 13:46,968.5,65,23.4,16.5,13.5,771,693,698
5/22/2020 14:46,967.8,59,24.9,16.4,13.6,779,716,728
5/22/2020 15:46,968,64,21.1,14.2,13,796,745,738
5/22/2020 16:46,968.3,72,19.1,14,12.9,748,714,744
5/22/2020 17:46,968.6,75,18.3,13.8,12.8,754,798,690
5/22/2020 18:46,968.5,81,18,14.7,12.7,761,685,659
5/22/2020 19:46,969.9,81,17.8,14.6,12.7,803,702,672
5/22/2020 20:46,970,85,17.1,14.7,12.6,740,708,644
5/22/2020 21:46,970,85,17.1,14.7,12.6,808,675,667
5/22/2020 22:46,969.4,90,15.9,14.4,12.5,778,762,637
5/22/2020 23:46,969.9,87,16.6,14.6,12.5,718,687,687
5/23/2020 0:46,970.6,86,16.4,14.1,12.5,809,702,662
5/23/2020 1:46,970.4,89,16.4,14.7,12.4,723,652,716
5/23/2020 2:46,970.8,91,16.4,15,12.4,758,724,686
5/23/2020 3:46,971.8,92,16.4,15.2,12.4,710,695,682
5/23/2020 4:46,972.5,91,17.5,16,13.1,737,685,706
5/23/2020 5:46,973,84,18.9,16.2,13.1,801,668,693
5/23/2020 6:46,973.3,81,20.9,17.5,13.7,718,722,669
5/23/2020 7:46,973.4,73,22.8,17.9,13.8,769,674,664
5/23/2020 8:46,973.2,69,24,18.1,13.8,747,707,650
5/23/2020 9:46,972.4,65,26.5,19.4,13.8,800,703,677
5/23/2020 10:46,971.5,63,28.3,20.7,13.8,761,696,717
5/23/2020 11:46,970.5,60,28.8,20.4,13.7,746,756,705
5/23/2020 12:46,970.3,60,29.3,21,13.8,749,686,683
5/23/2020 13:46,969.7,68,28.4,22.1,13.6,800,718,1350
5/23/2020 14:46,969.7,68,28.3,22,13.6,768,662,9803
5/23/2020 15:46,969.3,68,27.8,21.5,13,682,636,6290
5/23/2020 16:46,968.8,72,27.3,22,12.9,786,717,794
5/23/2020 17:46,968.6,72,24.9,19.6,12.8,805,723,683
5/23/2020 18:46,968.9,78,23.6,19.6,12.7,793,740,4658
5/23/2020 19:46,969.5,79,23.2,19.4,12.7,817,709,933
5/23/2020 20:46,969.7,79,22.9,19.2,12.6,776,706,727
5/23/2020 21:46,969.5,82,22.2,19.2,12.6,737,695,701
5/23/2020 22:46,968.6,84,22.1,19.3,12.5,821,698,671
5/23/2020 23:46,968.1,85,22.4,19.8,12.5,763,714,703
5/24/2020 0:46,968.5,87,22.3,20.1,12.5,784,681,707
5/24/2020 1:46,968.7,90,22,20.3,12.4,796,699,718
5/24/2020 2:46,968.9,93,21.8,20.6,12.4,785,734,669
5/24/2020 3:46,969.9,95,21.6,20.8,12.4,762,719,658
5/24/2020 4:46,970.4,90,23.1,21.5,13.1,781,708,662
5/24/2020 5:46,971.3,83,24.2,21.3,13.3,775,661,674
5/24/2020 6:47,971.1,69,26.6,20.6,13.7,797,743,684
5/24/2020 7:47,970.9,62,27.7,19.8,13.8,750,713,627
5/24/2020 8:47,971.1,63,27.5,20,13.7,784,700,692
5/24/2020 9:47,971.1,62,27.6,19.8,13.7,760,698,694
5/24/2020 10:47,970.7,68,25,18.7,13.5,741,697,682
5/24/2020 11:47,970.7,80,22.7,19.1,13.8,773,709,674
5/24/2020 12:47,970.1,65,25.1,18.1,13.8,786,703,734
5/24/2020 13:47,970.3,67,26,19.4,13.8,792,746,711
5/24/2020 14:47,970.2,65,27,19.9,13.7,768,705,755
5/24/2020 15:47,970.3,69,26.5,20.5,13.6,775,682,716
5/24/2020 16:47,969.9,73,24.3,19.2,13.1,789,711,750
5/24/2020 17:47,970.1,78,22.1,18.1,12.9,758,721,738
5/24/2020 18:47,970.1,85,20.2,17.7,12.8,826,770,725
5/24/2020 19:47,969.7,93,18.8,17.8,12.7,768,725,701
5/24/2020 20:47,969.8,96,18.6,18,12.7,671,758,695
5/24/2020 21:47,970.8,98,18.5,18.2,12.6,663,668,606
5/24/2020 22:47,969.2,96,17.4,16.8,12.6,729,674,621
5/24/2020 23:47,970.7,99,17.1,17.1,12.5,742,646,630
5/25/2020 0:47,970.5,100,17.1,17.1,12.5,719,629,637
5/25/2020 1:47,970.8,99,17.5,17.4,12.4,695,671,633
5/25/2020 2:47,970.5,100,17.1,17.1,12.4,691,642,633
5/25/2020 3:47,970.5,100,17,16.9,12.4,729,672,621
5/25/2020 4:47,971.3,100,17.4,17.4,12.4,721,684,684
5/25/2020 5:47,972,98,18.2,18,12.4,690,669,662
5/25/2020 6:47,972,98,18.7,18.5,12.6,680,639,684
5/25/2020 7:47,972.7,97,19.1,18.7,13,749,678,672
5/25/2020 8:47,973.2,93,20.1,19,13.2,743,643,655
5/25/2020 9:47,973.2,88,19.8,17.9,13.1,719,662,623
5/25/2020 10:47,973,93,19.4,18.3,13.2,738,657,633
5/25/2020 11:47,972.6,85,21.4,18.9,13.6,680,644,674
5/25/2020 12:47,972.1,85,20.6,18.1,13.5,722,622,656
5/25/2020 13:47,971.8,87,21.3,19.2,13.6,688,686,668
5/25/2020 14:47,971.9,92,19.2,17.9,13.3,737,649,655
5/25/2020 15:47,972.2,93,18.5,17.4,13.1,705,662,657
5/25/2020 16:47,972.6,93,18.1,17.1,12.9,729,664,624
5/25/2020 17:47,972.9,97,18.1,17.6,12.8,749,659,606
5/25/2020 18:47,972.9,96,17.8,17.2,12.7,699,625,685
5/25/2020 19:47,973.8,97,17.2,16.7,12.6,768,635,636
5/25/2020 20:47,974,99,16.9,16.8,12.6,682,650,651
5/25/2020 21:48,973.5,99,16.6,16.5,12.5,708,656,673
5/25/2020 22:48,973.2,99,16.4,16.3,12.5,734,660,656
5/25/2020 23:48,972.4,99,16.1,16.1,12.4,714,630,639
5/26/2020 0:48,972,100,15.8,15.8,12.4,695,674,640
5/26/2020 1:48,971.1,100,15.6,15.6,12.3,662,627,660
5/26/2020 2:48,970.7,100,15.6,15.6,12.3,721,635,648
5/26/2020 3:48,970.9,100,15.5,15.5,12.3,719,648,668
5/26/2020 4:48,971,100,15.4,15.4,12.3,734,681,622
5/26/2020 5:48,970.9,100,15.4,15.4,12.3,730,682,659
5/26/2020 6:48,970.8,99,15.9,15.8,12.3,698,655,667
5/26/2020 7:48,970.9,98,16.7,16.4,12.6,702,701,637
5/26/2020 8:48,971.1,96,17.2,16.6,12.8,684,680,658
5/26/2020 9:48,971.3,98,17.5,17.2,13.1,742,663,657
5/26/2020 10:48,971.1,97,17.6,17.3,13,729,661,641
5/26/2020 11:48,971.4,97,17.5,17,13,691,671,658
5/26/2020 12:48,971.6,97,17.7,17.3,12.9,708,613,619
5/26/2020 13:48,971.5,96,17.8,17.2,12.7,682,638,633
5/26/2020 14:48,971.8,96,18.1,17.5,12.7,733,655,644
5/26/2020 15:48,971.9,91,19.1,17.7,12.9,721,717,679
5/26/2020 16:48,972.3,93,19.2,18.1,12.6,726,660,637
5/26/2020 17:48,972.7,97,18.4,18,12.5,700,627,630
5/26/2020 18:48,972.6,99,17.6,17.6,12.3,716,686,663
5/26/2020 19:48,973.4,100,17.1,17.1,12.3,665,618,640
5/26/2020 20:48,973.8,100,17,17,12.3,737,616,598
5/26/2020 21:48,973.5,100,16.5,16.5,12.3,708,686,624
5/26/2020 22:48,973.7,100,14.7,14.7,12.3,726,661,620
5/26/2020 23:48,973.5,100,14.1,14.1,12.3,733,675,645
5/27/2020 0:48,973.4,100,13.5,13.5,12.2,662,671,644
5/27/2020 1:48,973.8,100,13.5,13.5,12.2,715,667,658
5/27/2020 2:48,973.6,100,13.5,13.5,12.2,739,682,634
5/27/2020 3:48,974.2,100,13.8,13.8,12.2,727,647,600
5/27/2020 4:48,974.7,100,14.7,14.7,12.3,718,691,644
5/27/2020 5:48,975.3,93,17.9,16.7,13.1,716,670,675
5/27/2020 6:48,975.1,83,20,17.2,13.5,734,686,700
5/27/2020 7:48,974.9,19.9,17.1,13.4,0,717,646,648
5/27/2020 8:49,974.8,77,21.1,16.9,13.6,681,643,670
5/27/2020 9:49,974.6,76,21.7,17.3,13.6,711,654,678
5/27/2020 10:49,974.4,75,22.3,17.7,13.7,736,681,649
5/27/2020 11:49,973.9,75,22.3,17.6,13.6,735,646,653
5/27/2020 12:49,973.5,77,22.2,18.1,13.5,665,648,650
5/27/2020 13:49,973.4,85,21,18.4,13.6,711,630,613
5/27/2020 14:49,973.1,78,21.9,17.9,13.1,711,635,669
5/27/2020 15:49,973.1,86,20.7,18.3,12.9,699,645,630
5/27/2020 16:49,973.2,92,20,18.7,12.8,733,651,650
5/27/2020 17:49,973.4,93,19.8,18.7,12.7,697,625,654
5/27/2020 18:49,973.6,95,19.3,18.5,12.7,770,636,615
5/27/2020 19:49,974.3,96,19.1,18.5,12.6,700,674,596
5/27/2020 20:49,973.4,100,18.4,18.4,12.6,727,671,593
5/27/2020 21:49,974,100,18.1,18.1,12.5,719,663,639
5/27/2020 22:49,974.1,100,18.1,18.1,12.5,676,637,650
5/27/2020 23:49,974.2,100,18.3,18.3,12.5,684,648,622
5/28/2020 0:49,974.1,100,18.3,18.3,12.4,728,669,636
5/28/2020 1:49,974.1,99,18.4,18.3,12.4,736,646,649
5/28/2020 2:49,974.3,99,18.4,18.3,12.4,729,694,646
5/28/2020 3:49,974.9,100,18.2,18.1,12.4,674,636,609
5/28/2020 4:49,975.3,99,18.8,18.7,12.4,726,646,624
5/28/2020 5:49,975.6,95,19.7,18.9,12.8,706,627,629
5/28/2020 6:49,976.2,91,20.5,19.2,13.1,656,645,599
5/28/2020 7:49,976.4,87,21.2,19,13.2,703,648,653
5/28/2020 8:49,976.8,79,22.1,18.3,13.3,692,636,629
5/28/2020 9:49,977.1,71,24.4,19,13.7,706,666,636
5/28/2020 10:49,976.9,71,24.6,19,13.7,710,668,606
5/28/2020 11:49,977,59,26.2,17.6,13.8,721,685,605
5/28/2020 12:49,977,57,26,17,13.8,719,652,645
5/28/2020 13:49,977.2,57,25.5,16.5,13.6,702,683,657
5/28/2020 14:49,977.8,50,25.6,14.5,13.6,752,696,630
5/28/2020 15:49,978,57,25.6,16.7,13.1,693,647,645
5/28/2020 16:49,978.6,57,25.5,16.5,13,698,688,904
5/28/2020 17:49,978.8,68,22.8,16.7,12.8,684,654,6314
5/28/2020 18:49,979.1,96,16.8,16.2,12.8,732,649,3778
5/28/2020 19:50,979.9,99,15.1,15,12.7,734,677,669
5/28/2020 20:50,980.3,100,14,14,12.6,737,606,640
5/28/2020 21:50,980.9,100,13,13,12.6,751,621,631
5/28/2020 22:50,981.3,89,13.6,11.9,12.5,728,672,642
5/28/2020 23:50,981.9,98,11.8,11.6,12.5,752,675,630
5/29/2020 0:50,982.3,100,10.9,10.9,12.5,714,640,609
5/29/2020 1:50,982.9,99,10.9,10.8,12.4,695,679,635
5/29/2020 2:50,983,100,9.7,9.7,12.4,714,654,629
5/29/2020 3:50,983.7,100,9.4,9.4,12.4,723,644,601
5/29/2020 4:50,984.6,92,14.9,13.7,13.5,708,677,596
5/29/2020 5:50,984.8,73,16.7,12,13.5,710,655,624
5/29/2020 6:50,984.9,60,19.4,11.5,13.7,675,638,655
5/29/2020 7:50,984.9,48,22.5,11.1,13.8,694,640,578
5/29/2020 8:50,984.7,44,23.4,10.5,13.8,715,619,633
5/29/2020 9:50,984.5,43,24,10.9,13.8,699,697,640
5/29/2020 10:50,984,46,24.5,12.4,13.8,734,643,620
5/29/2020 11:50,983.5,42,25.4,11.9,13.8,686,674,639
5/29/2020 12:50,983,34,26.3,9.4,13.8,713,690,649
5/29/2020 13:50,982.6,34,26.2,9.5,13.8,705,666,634
5/29/2020 14:50,982.4,44,25.7,12.7,13.6,695,663,2397
5/29/2020 15:50,982.1,34,26.4,9.4,13,767,642,3008
5/29/2020 16:50,982.3,42,25.1,11.4,12.9,671,635,636
5/29/2020 17:50,982.5,80,20.6,17,12.8,710,624,572
5/29/2020 18:50,982.7,94,16.4,15.5,12.8,677,627,809
5/29/2020 19:50,983.1,97,15,14.5,12.7,736,662,3393
5/29/2020 20:50,983.3,98,14.2,13.9,12.6,725,703,647
5/29/2020 21:50,983.3,100,13.4,13.3,12.6,733,722,613
5/29/2020 22:50,983.3,100,12.7,12.7,12.5,711,682,598
5/29/2020 23:50,983.1,100,12.3,12.3,12.5,737,665,650
5/30/2020 0:51,983,100,12.1,12.1,12.4,703,632,644
5/30/2020 1:51,983,100,11.7,11.7,12.4,686,663,657
5/30/2020 2:51,983.2,100,11.6,11.6,12.4,698,625,624
5/30/2020 3:51,983.9,100,11.7,11.7,12.4,687,639,669
5/30/2020 4:51,984,97,15,14.6,13.3,739,654,659
5/30/2020 5:51,984.1,85,17.9,15.4,13.3,685,642,666
5/30/2020 6:51,984.1,84,20.3,17.6,13.6,693,654,584
5/30/2020 7:51,984.2,73,23.3,18.2,13.8,609,657,678
5/30/2020 8:51,984,56,25.6,16.3,13.8,696,671,594
5/30/2020 9:51,984.1,54,25.4,15.4,13.8,689,656,648
5/30/2020 10:51,984.1,47,26.5,14.3,13.8,752,602,617
5/30/2020 11:51,983.3,52,25.4,15.1,13.7,690,637,650
5/30/2020 12:51,982.6,56,25.1,15.8,13.8,699,603,1058
5/30/2020 13:51,982.3,52,27.3,16.8,13.8,677,660,2012
5/30/2020 14:51,982.1,54,26.3,16.5,13.6,748,671,7734
5/30/2020 15:51,981.8,57,24.1,15.3,13.5,695,687,1338
5/30/2020 16:51,982.2,58,23.3,14.6,13,704,691,7879
5/30/2020 17:51,982.4,63,21.6,14.5,12.9,681,695,1653
5/30/2020 18:51,982.5,70,20.3,14.7,12.8,725,707,663
5/30/2020 19:51,983.3,71,19.8,14.3,12.7,717,776,651
5/30/2020 20:51,983.7,81,17.8,14.5,12.7,728,684,648
5/30/2020 21:51,983.4,82,17.4,14.3,12.6,667,626,635
5/30/2020 22:51,983.3,82,17.3,14.4,12.6,686,601,645
5/30/2020 23:51,983.6,82,17.1,14.2,12.5,702,672,680
5/31/2020 0:51,983.3,88,16.3,14.4,12.5,677,588,611
5/31/2020 1:51,983.6,89,16.1,14.3,12.4,716,659,624
5/31/2020 2:51,983.6,85,16.3,13.8,12.4,721,621,601
5/31/2020 3:51,983.4,84,16.6,14,12.4,695,643,646
5/31/2020 4:51,984.2,84,16.9,14.3,12.5,740,640,596
5/31/2020 5:51,984.9,76,19.5,15.2,13.5,728,583,661
5/31/2020 6:51,984.6,66,21.6,15.2,13.5,673,624,637
5/31/2020 7:51,984.3,64,22.8,15.6,13.7,687,614,619
5/31/2020 8:51,984,58,25.6,16.9,13.8,706,640,654
5/31/2020 9:51,983.9,61,25,17.1,13.8,688,649,621
5/31/2020 10:51,983.3,58,26.8,18.1,13.8,695,713,635
5/31/2020 11:51,982.5,56,27.7,18.1,13.8,698,665,655
5/31/2020 12:51,981.6,50,28,16.7,13.8,741,665,709
5/31/2020 13:51,981,55,27.9,18.1,13.7,733,664,2610
5/31/2020 14:51,980.5,57,26.3,17.1,13.6,741,670,5531
5/31/2020 15:51,980,59,25.8,17.4,13.6,716,670,833
5/31/2020 16:52,979.8,58,26.2,17.4,13.1,763,714,4783
5/31/2020 17:52,979.6,59,24.3,15.8,12.9,745,665,9355
5/31/2020 18:52,979.8,62,23.2,15.5,12.8,687,606,6456
5/31/2020 19:52,980.5,61,23,15.1,12.7,770,641,719
5/31/2020 20:52,980.3,63,22.8,15.5,12.7,743,687,650
5/31/2020 21:52,980.1,65,22.3,15.5,12.6,694,647,620
5/31/2020 22:52,979.5,69,21.4,15.5,12.6,723,680,654
5/31/2020 23:52,979.1,71,20.8,15.3,12.5,743,721,645
6/1/2020 0:52,979,75,20,15.5,12.5,761,706,637
6/1/2020 1:52,979.7,82,18.2,15.2,12.5,735,661,646
6/1/2020 2:52,979.8,86,17.8,15.5,12.4,744,731,649
6/1/2020 3:52,980.4,83,18.7,15.9,12.5,756,642,637
6/1/2020 4:52,981.1,78,20.4,16.5,13.2,699,639,654
6/1/2020 5:52,980.9,68,22.4,16.2,13.6,717,718,670
6/1/2020 6:52,980.5,63,24.4,17,13.7,702,637,663
6/1/2020 7:52,980,57,25.7,16.7,13.8,714,677,702
6/1/2020 8:52,979.8,56,27.2,17.8,13.8,742,651,643
6/1/2020 9:52,979.3,51,28.2,17.4,13.8,797,648,619
6/1/2020 10:52,978.8,55,28,18.4,13.8,718,703,669
6/1/2020 11:52,977.9,54,29.3,19.3,13.8,727,677,694
6/1/2020 12:52,977.3,52,29.8,19,13.8,720,673,5167
6/1/2020 13:52,977,54,29.6,19.5,13.7,754,676,6996
6/1/2020 14:52,976.8,56,29.2,19.7,13.6,787,691,686
6/1/2020 15:52,976.5,60,27.7,19.4,13.1,743,677,667
6/1/2020 16:52,976.2,65,26.3,19.2,13,749,706,684
6/1/2020 17:52,976.1,67,25.2,18.8,12.9,771,627,628
6/1/2020 18:52,976.2,71,23.8,18.3,12.8,797,674,3431
6/1/2020 19:52,977,72,22.9,17.7,12.7,746,697,2722
6/1/2020 20:52,977.2,71,22.8,17.3,12.7,755,698,689
6/1/2020 21:52,976.9,74,22.1,17.2,12.6,747,762,673
6/1/2020 22:52,976.6,76,21.7,17.5,12.6,764,750,661
6/1/2020 23:52,976.5,80,21.3,17.7,12.5,730,748,671
6/2/2020 0:52,976.4,83,20.7,17.7,12.5,785,820,677
6/2/2020 1:52,976.3,83,20.5,17.5,12.4,783,823,653
6/2/2020 2:52,976.3,83,20.3,17.3,12.4,758,702,635
6/2/2020 3:52,976.9,82,20.2,17.1,12.4,692,677,679
6/2/2020 4:53,977,80,20.9,17.4,12.8,766,689,653
6/2/2020 5:53,977.1,71,24.1,18.7,13.6,695,686,664
6/2/2020 6:53,977.1,68,25.6,19.4,13.7,732,665,661
6/2/2020 7:53,976.7,65,27.6,20.5,13.8,752,641,677
6/2/2020 8:53,976.5,59,29.2,20.5,13.8,765,667,672
6/2/2020 9:53,976.1,59,30.3,21.4,13.8,732,658,673
6/2/2020 10:53,975.6,61,30,21.8,13.8,749,734,3498
6/2/2020 11:53,975.1,56,31.2,21.4,13.8,753,687,7227
6/2/2020 12:53,974.7,57,31.5,22.1,13.8,736,728,691
6/2/2020 13:53,974.5,53,31.4,20.7,13.7,766,716,703
6/2/2020 14:53,974.1,55,30.7,20.6,13.6,748,673,694
6/2/2020 15:53,973.8,55,29.6,19.9,13.1,791,714,683
6/2/2020 16:53,973.6,63,28.4,20.7,12.9,775,687,665
6/2/2020 17:53,973.8,75,25.7,21,12.9,746,744,702
6/2/2020 18:53,974,79,24.9,21.2,12.8,774,714,682
6/2/2020 19:53,974.3,81,24.5,21,12.7,730,663,4930
6/2/2020 20:53,974.2,81,24.3,20.9,12.7,788,757,1042
6/2/2020 21:53,974.4,83,24.1,21,12.6,720,791,673
6/2/2020 22:53,974.6,82,24.2,21.1,12.6,721,800,689
6/2/2020 23:53,974.3,84,23.8,21,12.5,736,723,724
6/3/2020 0:53,973.6,85,23.3,20.7,12.5,764,751,686
6/3/2020 1:53,973.5,86,22.8,20.4,12.4,735,731,684
6/3/2020 2:53,973.4,89,22,20.1,12.4,803,725,670
6/3/2020 3:53,973.2,87,22.2,20,12.4,759,770,675
6/3/2020 4:53,973.3,81,23.8,20.4,13.2,742,708,704
6/3/2020 5:53,974,74,25.6,20.6,13.6,760,737,680
6/3/2020 6:53,974.1,69,26.9,20.7,13.7,779,679,709
6/3/2020 7:53,974.1,68,27.6,21.2,13.8,784,705,715
6/3/2020 8:53,973.6,68,29.4,23,13.8,803,713,670
6/3/2020 9:53,973.3,66,28.8,22,13.8,793,698,776
6/3/2020 10:53,972.5,73,27.7,22.6,13.6,753,702,4598
6/3/2020 11:53,972.4,69,28.4,22.1,13.8,748,717,10943
6/3/2020 12:53,971.8,63,32.9,25,13.8,789,732,11165
6/3/2020 13:53,971,57,33.1,23.7,13.7,2947,682,2941
6/3/2020 14:53,970.1,55,34.1,23.9,13.5,2673,764,699
6/3/2020 15:53,969.2,59,34.2,25.1,13,6121,699,674
6/3/2020 16:53,969,75,31.4,26.5,12.9,3565,751,724
6/3/2020 17:54,968.6,89,26.8,24.9,12.8,972,707,723
6/3/2020 18:54,969.5,96,24.3,23.6,12.7,842,717,668
6/3/2020 19:54,970,97,23.3,22.9,12.7,730,755,690
6/3/2020 20:54,969.6,90,24.5,22.8,12.6,773,713,4961
6/3/2020 21:54,969.7,79,26.2,22.3,12.6,788,955,1919
6/3/2020 22:54,971.4,98,17.5,17.2,12.5,735,832,768
6/3/2020 23:54,970.5,100,17.6,17.6,12.5,718,846,644
6/4/2020 0:54,969.9,100,17.4,17.4,12.4,756,801,697
6/4/2020 1:54,970.3,100,17.3,17.3,12.4,761,768,646
6/4/2020 2:54,970,100,17.3,17.3,12.4,766,762,680
6/4/2020 3:54,970.6,100,17.4,17.4,12.4,774,715,666
6/4/2020 4:54,971.4,92,19.9,18.6,13.3,724,679,703
6/4/2020 5:54,971.8,86,22.1,19.7,13.6,752,683,659
6/4/2020 6:54,971.7,77,24.9,20.7,13.7,784,714,684
6/4/2020 7:54,971.8,72,26.8,21.5,13.8,719,662,621
6/4/2020 8:54,971.5,72,28.4,23,13.8,717,620,666
6/4/2020 9:54,971.1,73,29.5,24.3,13.8,705,682,721
6/4/2020 10:54,970.6,70,30.2,24.1,13.8,761,683,1533
6/4/2020 11:54,970.1,67,31.9,25,13.8,726,676,5437
6/4/2020 12:54,969.6,60,32.6,24,13.8,720,673,705
6/4/2020 13:54,968.9,62,32.5,24.5,13.7,723,716,681
6/4/2020 14:54,968.7,65,32.2,24.8,13.6,798,736,733
6/4/2020 15:54,968.1,66,31.5,24.5,13,789,707,618
6/4/2020 16:54,967.8,72,30.2,24.7,12.9,923,679,646
6/4/2020 17:54,968.1,84,27.1,24.2,12.8,767,678,698
6/4/2020 18:54,968.2,88,25.8,23.7,12.8,737,678,684
6/4/2020 19:54,968.9,88,25.6,23.6,12.7,695,649,648
6/4/2020 20:54,969.7,91,25.1,23.5,12.6,746,674,652
6/4/2020 21:54,968.8,90,25.5,23.9,12.6,733,804,5509
6/4/2020 22:54,971.5,89,26.1,24.1,12.5,724,786,1536
6/4/2020 23:54,971.4,86,21.4,19,12.5,720,718,625
6/5/2020 0:54,970,90,20.9,19.3,12.5,758,753,674
6/5/2020 1:54,970.4,87,21.1,18.9,12.4,742,813,669
6/5/2020 2:54,971,84,21.5,18.7,12.4,804,736,685
6/5/2020 3:54,972.4,80,21.4,17.9,12.4,767,729,593
6/5/2020 4:54,973.8,79,22,18.2,12.6,755,703,661
6/5/2020 5:54,974.4,78,22.9,19,13,754,711,665
6/5/2020 6:54,975,69,25.6,19.5,13.7,742,631,616
6/5/2020 7:54,974.8,58,30.3,21.2,13.7,724,701,674
6/5/2020 8:54,974.7,72,29.7,24.1,13.8,689,648,656
6/5/2020 9:54,974.6,59,32.3,23.3,13.8,699,683,4449
6/5/2020 10:54,974.4,62,32.8,24.7,13.8,701,693,2975
6/5/2020 11:54,974,61,34.2,25.9,13.8,667,652,676
6/5/2020 12:54,973.8,50,34.1,22.3,13.8,725,662,658
6/5/2020 13:55,973.3,52,33.7,22.4,13.7,768,720,674
6/5/2020 14:55,973.1,58,33.4,24,13.5,726,716,684
6/5/2020 15:55,972.8,62,32.8,24.7,13,734,673,646
6/5/2020 16:55,973,66,31.2,24.2,12.9,809,718,651
6/5/2020 17:55,972.9,77,27.3,23.1,12.8,718,676,665
6/5/2020 18:55,973.3,80,25.9,22.2,12.7,738,664,667
6/5/2020 19:55,974,73,26.3,21.2,12.7,702,663,641
6/5/2020 20:55,974.4,77,25.4,21.1,12.6,788,715,649
6/5/2020 21:55,974.5,77,24.9,20.6,12.6,689,808,1853
6/5/2020 22:55,974.8,78,24.5,20.4,12.5,732,757,5187
6/5/2020 23:55,974.6,79,24.2,20.4,12.5,747,713,686
6/6/2020 0:55,974.1,81,24.2,20.8,12.5,725,755,689
6/6/2020 1:55,974.3,84,23.6,20.9,12.4,743,747,642
6/6/2020 2:55,974.8,90,22.4,20.8,12.4,700,775,660
6/6/2020 3:55,975.4,93,22.1,21,12.5,678,743,632
6/6/2020 4:55,976.1,78,25.9,21.9,13.3,741,713,648
6/6/2020 5:55,976.4,76,28.3,23.7,13.5,707,694,592
6/6/2020 6:55,976.6,71,30.6,24.9,13.7,659,691,613
6/6/2020 7:55,976.1,70,31.6,25.6,13.8,695,616,901
6/6/2020 8:55,975.6,64,33.2,25.6,13.7,771,663,5380
6/6/2020 9:55,975.3,67,32.7,25.8,13.8,701,651,678
6/6/2020 10:55,974.7,59,33.6,24.5,13.8,753,651,617
6/6/2020 11:55,974.4,58,34.3,25,13.8,751,744,658
6/6/2020 12:55,973.9,55,34.6,24.4,13.8,693,705,607
6/6/2020 13:55,973,56,33.4,23.7,13.7,729,670,683
6/6/2020 14:55,972.6,64,31.5,24,13.6,736,698,698
6/6/2020 15:55,972.1,58,32.8,23.7,13.5,741,656,656
6/6/2020 16:55,971.9,66,31.5,24.5,13,742,658,661
6/6/2020 17:55,971.6,75,27.6,22.9,12.9,737,684,713
6/6/2020 18:55,971.9,74,27,22.1,12.8,736,717,689
6/6/2020 19:55,972.3,74,27.2,22.3,12.7,725,714,662
6/6/2020 20:55,972.2,76,26.6,22.2,12.7,760,709,731
6/6/2020 21:55,972.3,77,26.3,22,12.6,773,749,8722
6/6/2020 22:55,972.2,79,26.2,22.3,12.6,776,823,3308
6/6/2020 23:55,972.4,83,25.4,22.3,12.5,731,755,787
6/7/2020 0:55,972.4,84,24.4,21.6,12.5,712,733,747
6/7/2020 1:55,972.4,85,24.1,21.4,12.5,725,765,636
6/7/2020 2:55,972.7,88,23.7,21.6,12.4,755,748,620
6/7/2020 3:55,973.2,86,24,21.6,12.5,754,774,670
6/7/2020 4:55,973.5,81,25.5,22,13.3,736,704,669
6/7/2020 5:55,973.6,75,27.3,22.7,13.6,743,717,689
6/7/2020 6:55,973.4,71,29.1,23.4,13.7,777,675,676
6/7/2020 7:55,973,68,29.7,23.3,13.8,720,663,944
6/7/2020 8:56,972.9,65,30.8,23.5,13.8,743,716,5419
6/7/2020 9:56,972.4,58,31.5,22.4,13.8,747,687,1991
6/7/2020 10:56,971.8,58,32.3,23.3,13.8,764,737,717
6/7/2020 11:56,971.3,57,32.9,23.3,13.8,773,675,720
6/7/2020 12:56,970.8,53,33.2,22.4,13.8,777,702,688
6/7/2020 13:56,970.2,52,32.3,21.2,13.7,831,776,702
6/7/2020 14:56,969.4,47,32.1,19.5,13.6,774,2446,750
6/7/2020 15:56,969.2,55,31.3,21.2,13,803,3738,688
6/7/2020 16:56,969.2,54,29.8,19.7,12.9,836,3272,735
6/7/2020 17:56,969,59,27.3,18.7,12.8,834,2508,718
6/7/2020 18:56,968.8,70,24.8,19,12.8,782,3469,772
6/7/2020 19:56,969.2,68,24.6,18.4,12.7,760,960,723
6/7/2020 20:56,969.6,77,23,18.8,12.6,798,1191,5171
6/7/2020 21:56,969.7,85,21.9,19.4,12.6,783,1047,731
6/7/2020 22:56,969.6,92,20.4,19.2,12.5,802,818,730
6/7/2020 23:56,969.4,92,21.6,20.3,12.5,754,824,680
6/8/2020 0:56,968.9,88,22.2,20.3,12.5,814,765,729
6/8/2020 1:56,968.9,88,22.4,20.4,12.4,810,763,687
6/8/2020 2:56,969.2,92,21.2,20,12.4,794,735,698
6/8/2020 3:56,970,94,20.9,20,12.5,855,781,737
6/8/2020 4:56,970.2,83,24.6,21.5,13.3,773,726,707
6/8/2020 5:56,970.4,75,26.9,22.2,13.6,815,925,711
6/8/2020 6:56,970.4,71,28.7,23,13.7,754,1655,704
6/8/2020 7:56,970,61,29.9,21.8,13.8,747,1707,1022
6/8/2020 8:56,969.7,61,31,22.7,13.8,801,2170,6059
6/8/2020 9:56,969.1,55,31.9,22,13.8,784,2373,5560
6/8/2020 10:56,968.6,55,33.2,23,13.8,790,2628,775
6/8/2020 11:56,968,59,31,22.1,13.8,767,3095,705
6/8/2020 12:56,967.4,57,31.3,21.8,13.7,777,2990,757
6/8/2020 13:56,966.8,63,30.6,23,13.7,863,3240,709
6/8/2020 14:56,966.2,53,31.8,21.2,13.7,813,3370,747
6/8/2020 15:56,965.1,53,31.6,21,13,823,2977,747
6/8/2020 16:56,965.1,59,30.2,21.3,12.9,810,2801,759
6/8/2020 17:56,964.5,67,26.8,20.3,12.8,811,2067,754
6/8/2020 18:56,964.8,85,22.5,19.9,12.8,796,1312,740
6/8/2020 19:56,965.1,78,23.2,19.3,12.7,877,886,658
6/8/2020 20:56,964.7,88,21.9,19.9,12.6,815,910,4355
6/8/2020 21:56,964.6,94,21.2,20.2,12.6,800,898,1536
6/8/2020 22:56,964.1,92,22.1,20.8,12.5,860,826,726
6/8/2020 23:56,963.5,93,21.9,20.8,12.5,845,826,697
6/9/2020 0:57,962.7,96,20.9,20.4,12.5,821,807,723
6/9/2020 1:57,962.3,98,19.1,18.9,12.5,817,855,738
6/9/2020 2:57,961.9,100,19.5,19.5,12.4,816,818,762
6/9/2020 3:57,962,100,19.3,19.3,12.4,816,871,772
6/9/2020 4:57,961.7,90,23.5,21.8,13.3,899,799,739
6/9/2020 5:57,961,80,25.8,22.3,13.6,822,807,691
6/9/2020 6:57,960.4,73,28,22.8,13.7,855,830,807
6/9/2020 7:57,959.6,67,29.9,23.2,13.8,836,748,799
6/9/2020 8:57,959.2,64,31.1,23.7,13.8,934,1404,3606
6/9/2020 9:57,959.3,69,30.1,23.9,13.7,832,2212,3896
6/9/2020 10:57,958.6,67,30.4,23.6,13.6,855,2640,777
6/9/2020 11:57,958.2,62,31.9,23.8,13.8,879,2884,751
6/9/2020 12:57,957.7,58,32.8,23.5,13.8,876,2920,801
6/9/2020 13:57,957,51,32.6,21.3,13.8,829,3502,826
6/9/2020 14:57,956.4,40,32,16.7,13.6,909,3414,807
6/9/2020 15:57,957,39,29.8,14.7,13,870,3096,825
6/9/2020 16:57,958.1,49,25.7,14.4,12.9,906,1935,848
6/9/2020 17:57,959.1,58,21.9,13.3,12.8,870,998,827
6/9/2020 18:57,959.1,73,18.6,13.7,12.8,938,865,795
6/9/2020 19:57,959.8,76,18.4,14.3,12.7,927,955,2882
6/9/2020 20:57,960.5,76,18.7,14.4,12.6,904,936,783
6/9/2020 21:57,960.9,86,17.6,15.3,12.6,878,943,767
6/9/2020 22:57,962,94,14.9,14,12.5,882,877,757
6/9/2020 23:57,963.3,91,14.7,13.3,12.5,969,896,775
6/10/2020 0:57,964.9,96,13.4,12.8,12.5,851,734,765
6/10/2020 1:57,966.7,97,12.9,12.5,12.4,842,798,786
6/10/2020 2:57,968.1,91,14.1,12.6,12.4,822,714,716
6/10/2020 3:57,969.9,87,15.1,13.1,12.4,780,766,708
6/10/2020 4:57,972.1,84,15.3,12.8,12.4,776,747,691
6/10/2020 5:58,973.3,85,15.1,12.6,12.6,840,680,652
6/10/2020 6:58,974.5,74,17.3,12.7,13.7,770,697,690
6/10/2020 7:58,975.2,63,19.7,12.6,13.8,749,717,670
6/10/2020 8:58,976.5,57,20.9,12.3,13.8,752,676,674
6/10/2020 9:58,977.3,51,22,11.5,13.8,790,709,640
6/10/2020 10:58,978,47,23,11.3,13.8,757,713,641
6/10/2020 11:58,978.1,46,24,11.8,13.8,764,664,709
6/10/2020 12:58,978.4,45,24.7,12.1,13.8,758,680,745
6/10/2020 13:58,978.6,44,25,12.1,13.8,804,763,1310
6/10/2020 14:58,978.7,42,25.2,11.5,13.6,738,662,6044
6/10/2020 15:58,979.1,40,24.8,10.4,13.1,808,4198,686
6/10/2020 16:58,979.5,42,23.5,10,12.9,804,21459,694
6/10/2020 17:58,979.7,65,20.2,13.5,12.9,755,14179,672
6/10/2020 18:58,980.1,95,14.6,13.8,12.8,755,5165,617
6/10/2020 19:58,981.1,98,13.2,13,12.7,744,1080,2662
6/10/2020 20:58,981.6,99,12.4,12.3,12.6,759,953,687
6/10/2020 21:58,982,99,11.8,11.7,12.6,777,753,676
6/10/2020 22:58,982.3,100,11.3,11.3,12.5,713,768,674
6/10/2020 23:58,982.6,100,10.6,10.6,12.5,777,692,679
6/11/2020 0:58,983.1,100,10.2,10.2,12.5,751,712,683
6/11/2020 1:58,983.5,100,10.1,10,12.4,763,719,676
6/11/2020 2:58,983.8,100,9.7,9.7,12.4,784,686,694
6/11/2020 3:58,984.9,100,10.9,10.9,12.6,766,661,649
6/11/2020 4:58,985.6,93,15.3,14.3,13.5,684,649,634
6/11/2020 5:58,985.9,71,19.6,14.3,13.7,685,655,670
6/11/2020 6:58,985.8,52,23.8,13.6,13.7,765,604,655
6/11/2020 7:58,985.9,46,25.4,13.3,13.8,734,714,677
6/11/2020 8:58,985.7,47,27.2,14.9,13.8,726,711,692
6/11/2020 9:58,985.5,40,28.8,14.1,13.8,725,853,653
6/11/2020 10:58,984.9,34,30.1,12.5,13.8,768,4247,944
6/11/2020 11:58,984.1,34,31.1,13.6,13.8,758,11814,2390
6/11/2020 12:58,983.6,33,31.6,13.4,13.8,744,12528,673
6/11/2020 13:58,983,38,31.6,15.7,13.7,749,15714,679
6/11/2020 14:59,982.9,38,31,15.4,13.6,706,25479,659
6/11/2020 15:59,982.5,47,31,18.4,13.5,758,1248,695
6/11/2020 16:59,982.4,68,27.7,21.2,13,748,721,665
6/11/2020 17:59,982.5,78,23.4,19.6,12.9,735,739,652
6/11/2020 18:59,983.3,64,22.4,15.3,12.8,731,700,645
6/11/2020 19:59,984.1,64,22.3,15.3,12.7,760,650,658
6/11/2020 20:59,984.2,56,23.3,14.2,12.7,695,840,1830
6/11/2020 21:59,984.4,59,22.5,14.3,12.6,721,804,9454
6/11/2020 22:59,984.3,62,21.3,13.9,12.6,733,727,1332
6/11/2020 23:59,984.7,70,19.7,14.3,12.5,723,746,731
6/12/2020 0:59,984.8,79,18.7,15.1,12.5,749,730,660
6/12/2020 1:59,984.8,90,16.1,14.6,12.5,746,719,672
6/12/2020 2:59,984.5,80,17.6,14.2,12.5,744,808,672
6/12/2020 3:59,984.9,73,19.2,14.3,12.5,813,784,608
6/12/2020 4:59,984.9,56,23.1,14.1,13.3,736,712,647
6/12/2020 5:59,985.6,51,25.5,14.6,13.6,735,685,662
6/12/2020 6:59,985.6,49,27.2,15.8,13.7,769,679,658
6/12/2020 7:59,985.3,50,28.5,17.2,13.8,752,696,698
6/12/2020 8:59,985,47,29.5,17,13.8,721,650,5596
6/12/2020 9:59,984.9,40,31,16,13.8,758,685,740
6/12/2020 10:59,984.3,37,31.7,15.4,13.8,765,710,652
6/12/2020 11:59,983.6,37,32.8,16.5,13.8,768,728,633
6/12/2020 12:59,982.8,32,33.1,14.5,13.8,711,705,666
6/12/2020 13:59,982.2,37,33.7,17.3,13.7,763,664,695
6/12/2020 14:59,981.6,42,32.7,18.1,13.5,754,687,669
6/12/2020 15:59,981,44,31.6,18,13,737,666,666
6/12/2020 16:59,981,48,30,17.8,12.9,769,717,652
6/12/2020 17:59,980.9,58,26.9,18.1,12.8,761,737,681
6/12/2020 18:59,981.2,86,21.6,19.2,12.7,754,705,705
6/12/2020 19:59,981.9,91,20.2,18.7,12.7,770,719,680
6/12/2020 20:59,981.7,80,21.4,17.9,12.6,766,820,677
6/12/2020 21:59,981.3,74,22.1,17.3,12.6,770,857,647
6/12/2020 22:59,981.2,79,20.6,16.8,12.5,711,773,6339
6/12/2020 23:59,981,84,18.7,16,12.5,782,799,1092
6/13/2020 0:59,980.7,71,20.8,15.5,12.5,763,813,693
6/13/2020 1:59,980.7,78,19,15.2,12.5,756,686,686
6/13/2020 2:59,980.7,81,18.2,15,12.4,781,775,737
6/13/2020 3:59,981.2,79,19.1,15.5,12.6,790,777,701
6/13/2020 4:59,981.5,69,23.6,17.5,13.4,767,694,660
6/13/2020 5:59,981.6,69,23.9,18.1,13.4,793,710,651
6/13/2020 6:59,981.5,58,27.5,18.5,13.7,729,685,645
6/13/2020 8:00,980.8,46,30.5,17.8,13.8,810,755,3011
6/13/2020 9:00,980.4,46,31.9,18.9,13.8,715,738,3939
6/13/2020 10:00,979.7,42,32.9,18.2,13.8,786,720,686
6/13/2020 11:00,978.8,38,33.8,17.6,13.8,757,688,654
6/13/2020 12:00,978.2,31,34.4,15.2,13.8,806,700,696
6/13/2020 13:00,977.5,34,34.7,16.7,13.8,746,731,708
6/13/2020 14:00,977.1,33,34,15.9,13.7,793,723,717
6/13/2020 15:00,976.7,35,33.5,15.9,13.5,813,724,718
6/13/2020 16:00,976.5,38,32.2,16.2,13,835,753,702
6/13/2020 17:00,976.5,42,29.8,15.7,12.9,856,710,658
6/13/2020 18:00,976.3,50,26.9,15.7,12.8,803,751,696
6/13/2020 19:00,976.7,55,25.1,15.6,12.7,798,746,731
6/13/2020 20:00,977.5,54,25.3,15.3,12.7,802,722,674
6/13/2020 21:00,978.1,56,24.3,15.2,12.6,748,839,711
6/13/2020 22:00,978.1,60,23.7,15.6,12.6,774,881,692
6/13/2020 23:00,978,61,23.4,15.5,12.5,759,815,1350
6/14/2020 0:00,978.2,62,23.1,15.6,12.5,782,822,2209
6/14/2020 1:00,978.1,67,22,15.8,12.5,790,836,8882
6/14/2020 2:00,978.4,70,21.5,15.9,12.5,812,779,5252
6/14/2020 3:00,978.9,74,20.5,15.8,12.4,773,788,1301
6/14/2020 4:00,979.4,74,20.4,15.7,12.5,802,829,835
6/14/2020 5:00,980.4,67,23,16.6,13.2,816,746,706
6/14/2020 6:00,980.5,58,25.7,16.8,13.6,746,758,664
6/14/2020 7:00,980.2,49,28.3,16.8,13.7,739,720,975
6/14/2020 8:00,980,46,30.1,17.4,13.8,780,729,8699
6/14/2020 9:00,979.7,42,31.3,17.2,13.8,786,732,3792
6/14/2020 10:00,979.5,39,32.5,16.9,13.8,778,725,733
6/14/2020 11:00,979,36,33.8,16.7,13.8,770,720,696
6/14/2020 12:00,978.7,35,34,16.4,13.8,830,710,673
6/14/2020 13:00,978.5,36,34.6,17.5,13.8,810,742,733
6/14/2020 14:00,978.2,37,34.4,18,13.7,815,691,705
6/14/2020 15:00,977.9,40,33.7,18.5,13.5,833,736,718
6/14/2020 16:00,977.7,48,30.6,18.4,13.5,753,728,708
6/14/2020 17:00,978.3,45,30.6,17.6,13.2,779,719,726
6/14/2020 18:01,978.2,55,26.9,17.1,12.9,779,709,680
6/14/2020 19:01,978.8,55,25.9,16.4,12.8,768,722,697
6/14/2020 20:01,979.4,57,25.7,16.7,12.7,777,691,699
6/14/2020 21:01,979.5,63,24.3,17,12.7,735,946,694
6/14/2020 22:01,979.6,67,23.5,17,12.6,807,898,714
6/14/2020 23:01,979.7,67,23.3,17.1,12.6,769,870,668
6/15/2020 0:01,979.9,74,21.9,17.1,12.6,795,788,6343
6/15/2020 1:01,980,78,21.1,17.1,12.5,745,789,11385
6/15/2020 2:01,980.2,80,20.7,17.2,12.5,767,783,2401
6/15/2020 3:01,980.6,77,21.4,17.4,12.5,727,769,741
6/15/2020 4:01,981.4,77,21.6,17.4,12.5,808,816,700
6/15/2020 5:01,982.1,70,24.1,18.4,13.3,758,750,710
6/15/2020 6:01,982.4,58,26.7,17.7,13.6,823,745,700
6/15/2020 7:01,982.6,50,28.8,17.5,13.7,769,735,2885
6/15/2020 8:01,982.4,48,30.2,18.1,13.8,717,732,3776
6/15/2020 9:01,982.2,40,31.7,16.5,13.8,746,699,759
6/15/2020 10:01,982,37,32.8,16.5,13.8,799,709,650
6/15/2020 11:01,981.5,34,33.6,15.6,13.8,743,733,713
6/15/2020 12:01,980.9,35,34.2,16.6,13.8,809,738,737
6/15/2020 13:01,980.8,32,34.2,15.5,13.8,794,720,685
6/15/2020 14:01,980.5,33,34.4,15.8,13.7,786,703,719
6/15/2020 15:01,980.4,33,33.7,15.5,13.5,797,729,730
6/15/2020 16:01,980.3,35,32.3,15,13,842,712,696
6/15/2020 17:01,980.3,35,32.3,15,13,812,716,751
6/15/2020 18:01,980.6,54,25.9,15.9,12.8,721,716,765
6/15/2020 19:01,981,72,22,16.7,12.7,792,738,705
6/15/2020 20:01,981.4,60,24,15.8,12.7,770,706,694
6/15/2020 21:01,981.4,63,23.4,16.1,12.6,817,939,687
6/15/2020 22:01,981.4,63,23.5,16.2,12.6,739,917,694
6/15/2020 23:01,981.1,65,23.4,16.6,12.6,751,757,1349
6/16/2020 0:01,981,69,22.5,16.6,12.5,807,819,9616
6/16/2020 1:01,980.8,70,22.2,16.6,12.5,771,826,6891
6/16/2020 2:01,980.8,73,21.5,16.6,12.5,766,779,1497
6/16/2020 3:01,981,75,21.1,16.6,12.4,799,832,744
6/16/2020 4:01,981.7,76,21.4,17.1,12.6,753,803,741
6/16/2020 5:01,982,67,24.6,18.1,13.3,783,755,709
6/16/2020 6:01,982,59,27.7,19,13.6,773,760,729
6/16/2020 7:02,982,54,29.4,19.2,13.7,705,688,5084
6/16/2020 8:02,981.5,51,30.9,19.8,13.8,836,736,1006
6/16/2020 9:02,981.1,44,32.6,18.8,13.8,774,747,691
6/16/2020 10:02,980.7,41,33.1,18.3,13.8,759,705,698
6/16/2020 11:02,980.2,37,34.1,17.8,13.8,780,701,721
6/16/2020 12:02,979.4,35,35.1,17.5,13.8,810,727,741
6/16/2020 13:02,978.8,35,34.2,16.8,13.8,772,748,732
6/16/2020 14:02,978.1,36,34.5,17.5,13.7,784,708,727
6/16/2020 15:02,977.3,36,33.6,16.5,13.5,770,717,737
6/16/2020 16:02,976.9,39,32.5,16.8,13,822,698,745
6/16/2020 17:02,976.8,44,30.6,16.9,12.9,778,710,698
6/16/2020 18:02,976.6,49,27.6,16,12.8,804,728,747
6/16/2020 19:02,977,56,26.1,16.7,12.7,786,709,728
6/16/2020 20:02,977.5,58,25.6,16.8,12.7,805,705,719
6/16/2020 21:02,977.4,64,24.7,17.5,12.6,849,796,713
6/16/2020 22:02,977.3,72,24.2,18.9,12.6,762,1208,703
6/16/2020 23:02,977.1,75,23.7,19.1,12.6,829,1018,714
6/17/2020 0:02,976.9,76,23.4,19.1,12.5,812,837,718
6/17/2020 1:02,977,80,22.8,19.1,12.5,803,748,1732
6/17/2020 2:02,977,82,22.4,19.2,12.5,824,787,7490
6/17/2020 3:02,977,84,22.1,19.3,12.5,772,835,13404
6/17/2020 4:02,977.4,84,22.1,19.5,12.6,789,789,14318
6/17/2020 5:02,977.5,77,23.8,19.6,13.3,838,795,11657
6/17/2020 6:02,977.5,70,25.9,20,13.6,811,795,10338
6/17/2020 7:02,977.4,62,28,20.1,13.7,772,767,7482
6/17/2020 8:02,976.9,54,30.2,20.1,13.8,811,785,1047
6/17/2020 9:02,976.7,47,32,19.4,13.8,825,742,805
6/17/2020 10:02,975.9,44,33.5,19.7,13.8,802,753,732
6/17/2020 11:03,975.5,40,34.7,19.2,13.8,827,793,722
6/17/2020 12:03,974.7,37,35.2,18.6,13.8,840,743,761
6/17/2020 13:03,974.2,37,35.3,18.8,13.8,771,722,769
6/17/2020 14:03,973.6,38,34.4,18.1,13.7,818,753,736
6/17/2020 15:03,973.2,40,34,18.7,13.5,873,782,703
6/17/2020 16:03,973,42,32.7,18.3,13,851,784,742
6/17/2020 17:03,973.1,47,31,18.5,12.9,866,809,768
6/17/2020 18:03,973,53,28.5,18.2,12.8,846,744,757
6/17/2020 19:03,973.5,59,26.9,18.4,12.7,822,715,722
6/17/2020 20:03,973.7,62,26.6,18.8,12.7,823,766,754
6/17/2020 21:03,973.5,64,26.2,19,12.6,884,758,748
6/17/2020 22:03,973.6,68,25.5,19.2,12.6,818,1211,705
6/17/2020 23:03,973.7,69,25.1,19.2,12.6,814,924,729
6/18/2020 0:03,973.7,71,24.5,18.9,12.5,813,823,733
6/18/2020 1:03,973.7,74,23.6,18.8,12.5,851,NA,770
6/18/2020 2:03,973.6,78,22.7,18.9,12.5,779,837,3883
6/18/2020 3:03,973,81,22.4,19,12.4,846,811,11706
6/18/2020 4:03,973,80,22.8,19.2,12.6,820,818,13974
6/18/2020 5:03,973.4,70,25,19.3,13.3,853,805,13004
6/18/2020 6:03,973.5,64,26.7,19.5,13.6,857,720,4352
6/18/2020 7:03,973.8,55,28.8,19.1,13.7,859,734,5684
